Display Name;Salutation;Last Name;First Name;Display Bio;Begin Date;End Date
A kassen;M;;;;0;0
Leif Hygild Andersen;m;Andersen;Leif;;0;0
Ulla Andersen;k;Andersen;Ulla;;0;0
"Arbejdsgruppen bag ""Gaden Finder Vej""";grp;;;;0;0
"Arbejdsgruppen bag ""Konfettirum - 7 Mursten""";grp;;;;0;0
Arbejdsgruppen bag DIG OG MIG OG OS TRE;grp;;;;0;0
Arbejdsgruppen bag Lokal-Global-Plan;grp;;;;0;0
Arbejdsgruppen for bevarelsen af Astrid Noacks Atelier;grp;;;;0;0
Arbejdsgruppen Forsømte steder - Ny identitet;grp;;;;0;0
Arbejdsgruppen omkring det gamle Kastanjetræ på Enghave plads;grp;;;;0;0
Arbejdsgruppen omkring New Life Copenhagen;grp;;;;0;0
Arbejdsgruppen SOUP – Sol Over Urbanplanen;grp;;;;0;0
Arbejdsgruppen: Organisering af artikler på Wikipedia;grp;;;;0;0
Arbejdsgruppen: Provins;grp;;;;0;0
AVPD;M;;;;0;0
Pia Baastrup;k;Baastrup;Pia;;0;0
Bank & Rau;k;;Bank & Rau;;0;0
Birgitte og Hans Börjeson;grp;Börjeson;Birgitte og Hans;;0;0
Brd. F. & L. Dahlman's Eft. APS;;;;;0;0
Sebastian Brink;M;Brink;Sebastian;;0;0
Marc Bjørn Carlsson;m;Carlsson;Marc Bjørn;;0;0
Christianias Glaspusteri;grp;;;;0;0
Tom Christoffersen;m;Christoffersen;Tom;;0;0
Claydies;k;Claydies;;;0;0
Morten Cramer;m;Cramer;Morten;Dansk;0;0
Dahlmans efterfølger;M;;;;0;0
Dansekompagniet Åben Dans;grp;;;;0;0
Darryle og Anja Kjær Hinz;grp;Hinz;Darryle og Anja Kjær;;0;0
Dissing + Weitling;;;;;0;0
Kristina Eldon;k;Eldon;Kristina;;0;0
Elmgreen & Dragset;m;Elmgreen & Dragset;;;0;0
E-Types;grp;;E-Types;;0;0
Rune Fjord;m;Fjord;Rune;;0;0
Alphons Frandsen;m;Frandsen;Alphons;;0;0
Trine Friederichsen;k;Friederichsen;Trine;;0;0
Grønlandske grafikere;grp;;;;0;0
Lisa Grue;k;Grue;Lisa;;0;0
Guldsmedehøjskolen;;;;;0;0
Gunvor Haugesen;grp;Haugesen;Gunvor;;0;0
Janne K. Hansen;k;Hansen;Janne;;0;0
Ditte og Adrian Heath;grp;Heath;Ditte og Adrian;;0;0
Lisbeth Hermansen;k;Hermansen;Lisbeth;;0;0
Linda Hilfling;k;Hilfling;Linda;;0;0
Simon Hjermind;m;Hjermind;Simon;;0;0
Hjort's fabrikker;;;;;0;0
HMF Brændende kærlighed;grp;;;;0;0
Signe Høyer-Frederiksen;k;Høyer-Frederiksen;Signe;;0;0
Inger Mosholt Nielsen;grp;Nielsen;Inger Mosholt;;0;0
Hans Vangsø Iversen;m;Iversen;Hans Vangsø;;0;0
J&K;k;;;;0;0
Bente Jensen;k;Jensen;Bente;;0;0
Ingrid Marie Jensen;k;Jensen;Ingrid Marie;;0;0
Doris Johansen;k;Johansen;Doris;;0;0
Claus Jørgensen;m;Jørgensen;Claus;;0;0
Nisser Thage Jørgensen;grp;Jørgensen;Nisser Thage;;0;0
Gitte Juul;k;Juul;Gitte;;0;0
Kasper Skovsbøl;m;;Kasper;;0;0
Bodil Kellermann;k;Kellermann;Bodil;;0;0
Klejs & Rønsholdt;grp;;Klejs & Rønsholdt;;0;0
Helle Knutstad;k;Knutstad;Helle;;0;0
Rasmus Koch;m;Koch;Rasmus;;0;0
Boris Berlin og Poul Christiansen;m;Poul Christiansen;Boris Berlin og;;0;0
Kontoret for Undergrundsanliggender;;;;;0;0
Kontrapunkt A/S;;;;;0;0
Mads Kreutzmann;m;Kreutzmann;Mads;;0;0
Henrik Exler Krogh;m;Krogh;Henrik Exler;;0;0
Henrik Kubel;m;Kubel;Henrik;;0;0
Kristina Kudsk;k;Kudsk;Kristina;;0;0
Kunstnergruppen Inges Idee;;;;;0;0
Kunstnergruppen publik;;;;;0;0
Inger Margrethe Larsen;k;Larsen;Inger Margrethe;;0;0
Ida Löchen;k;Löchen;Ida;;0;0
Uno Löfqvist;m;Löfqvist;Uno;;0;0
Jan Machenhauer;m;Machenhauer;Jan;;0;0
MAM;;;;;0;0
Ole Mathiesen;m;Mathiesen;Ole;;0;0
Gerda + Nicolai Monies;grp;Monies;Gerda + Nicolai;;0;0
Mormor;m;Mormor;;;0;0
Kirsten Østergaard;k;Østergaard;Kirsten;;0;0
Henrik Pagh;m;Pagh;Henrik;;0;0
Steen Palsbøll;m;Palsbøll;Steen;;0;0
Anne Lise Bruun Pedersen;k;Pedersen;Anne Lise Bruun;;0;0
Claus Michael Pedersen;m;Pedersen;Claus;;0;0
Lars Mathiesen og Niels Gammelgård;m;Niels Gammelgård;Lars Mathiesen og;;0;0
Ole Nørgaard Petersen;m;Petersen;Ole Nørgaard;;0;0
Adam Pivat;m;Pivat;Adam;;0;0
Hans Prehn;m;Prehn;Hans;;0;0
Ed Purver;m;Purver;Ed;;0;0
Randi og Katrine;;;Randi og Katrine;;0;0
Pia Rønicke;k;Rønicke;Pia;;0;0
Salto & Sigsgaard;m;;Salto & Sigsgaard;;0;0
Ole Schjøll;m;Schjøll;Ole;;0;0
Bo Seedorff;m;Seedorff;Bo;;0;0
Emil Sjødahl;m;Sjødahl;Emil;;0;0
SoNA;grp;;SoNA;;0;0
Morten Søndergaard;m;Søndergaard;Morten;;0;0
Jane Sørensen;k;Sørensen;Jane;;0;0
Johnny Sørensen;m;Sørensen;Johnny;;0;0
Spild af Tid;grp;Tid;Spild;;0;0
Ole Stenum;m;Stenum;Ole;;0;0
Hannes + Snorre Stephensen;grp;Stephensen;Hannes + Snorre;;0;0
Studio Strange;grp;Studio Strange;;;0;0
Superflex;m;;Superflex;;0;0
Nik Tao;M;Tao;Nik;;0;0
Projektgruppen T-ARD;grp;;;;0;0
Teater Katapult;;;;;0;0
Ole Thilo;m;Thilo;Ole;;0;0
Susanne Villemos;k;Villemos;Susanne;;0;0
Vinyl Terror and Horror;k;;Vinyl Terror and Horror;;0;0
Kaare Weider;m;Weider;Kaare;;0;0
Workshopscenen;grp;;Workshopscenen;;0;0
Zedamator;grp;;Zedamator;;0;0
Mikael Pedersen;m;Pedersen;Mikael;1855 - 1929;1855;1929
Jens Møller-Jensen;m;Møller-Jensen;Jens;1869 - 1948;1869;1948
Olivia Holm-Møller;k;Holm-Møller;Olivia;1875 - 1970;1875;1970
Sigurd Swane;m;Swane;Sigurd;1879 - 1973;1879;1973
Gerhard Henning;m;Henning;Gerhard;1880 - 1967;1880;1967
Ebba Carstensen;k;Carstensen;Ebba;1885 - 1967;1885;1967
Valdemar Secher;m;Secher;Valdemar;1885 - 1976;1885;1976
Kay Bojesen;m;Bojesen;Kay;1886 - 1958;1886;1958
Viggo Jensen;m;Jensen;Viggo;1886 - 1973;1886;1973
Georg Jacobsen;m;Jacobsen;Georg;1887 - 1976;1887;1976
Adam Fischer;m;Fischer;Adam;1888 - 1968;1888;1968
Kaare Klint;m;Klint;Kaare;1888 - 1954;1888;1954
Astrid Noack;k;Noack;Astrid;1888 - 1954;1888;1954
Paula Trock;k;Trock;Paula;1889 - 1979;1889;1979
Andreas Friis;m;Friis;Andreas A. C. J.;1890 - 1983;1890;1983
Harry Frithjof E. Carlsson;m;Carlsson;Harry Frithjof E.;1891 - 1968;1891;1968
Jens Nielsen;m;Nielsen;Jens;1891 - 1978;1891;1978
Niels Lergaard;m;Lergaard;Niels;1893 - 1982;1893;1982
Helge Nielsen;m;Nielsen;Helge;1893 - 1980;1893;1980
Lis Ahlmann;k;Ahlmann;Lis;1894 - 1979;1894;1979
Knud Agger;m;Agger;Knud;1895 - 1973;1895;1973
Marie Gudme Leth;k;Leth;Marie Gudme;1895 - 1997;1895;1997
Axel Skjelborg;m;Skjelborg;Axel;1895 - 1970;1895;1970
Carl Emanuel Falbe-Hansen;m;Falbe-Hansen;Carl Emanuel;1896 - 1969;1896;1969
Therese Lucheshitz;k;Lucheshitz;Therese;1896 - 1985;1896;1985
Reidar Magnus;m;Magnus;Reidar;1896 - 1968;1896;1968
Otto Rosing;m;Rosing;Otto;1896 - 1965;1896;1965
Frits Schlegel;m;Schlegel;Frits;1896 - 1965;1896;1965
Elna Falbe-Hansen;k;Falbe-Hansen;Elna;1897 - 1979;1897;1979
Christian Pedersen-Bellinge;m;Pedersen-Bellinge;Christian;1897 - 1984;1897;1984
Agnete Varming;k;Varming;Agnete;1897 - 1983;1897;1983
Hans Bendix;m;Bendix;Hans;1898 - 1998;1898;1998
Mogens Koch;m;Koch;Mogens;1898 - 1992;1898;1992
Hans Georg Skovgaard;m;Skovgaard;Hans Georg;1898 - 1969;1898;1969
Kay W.L.C. Christensen;m;Christensen;Kay W.L.C.;1899 - 1981;1899;1981
Franciska Clausen;k;Clausen;Franciska;1899 - 1986;1899;1986
Helge Daner Jensen;m;Jensen;Helge Daner;1899 - 1986;1899;1986
Harald Leth;m;Leth;Harald;1899 - 1986;1899;1986
Hjalte Skovgaard;m;Skovgaard;Hjalte;1899 - 1967;1899;1967
Anna Klindt Sørensen;k;Sørensen;Anna Klindt;1899 - 1985;1899;1985
Dagmar Starcke;k;Starcke;Dagmar;1899 - 1975;1899;1975
Henrik Starcke;m;Starcke;Henrik;1899 - 1973;1899;1973
Holger Jens Sophus Jensen;m;Jensen;Holger Jens Sophus;1900 - 1966;1900;1966
Agnete Therkildsen;k;Therkildsen;Agnete;1900 - 1993;1900;1993
Mogens Bøggild;m;Bøggild;Mogens;1901 - 1987;1901;1987
Christian Daugaard;m;Daugaard;Christian;1901 - 1993;1901;1993
Georg Glud;m;Glud;Georg;1901 - 1972;1901;1972
Søren Hjort Nielsen;m;Hjort Nielsen;Søren;1901 - 1983;1901;1983
Mogens Lassen;m;Lassen;Mogens;1901 - 1987;1901;1987
Søren Hjorth Nielsen;m;Nielsen;Søren Hjorth;1901 - 1983;1901;1983
Eduard Borregaard;m;Borregaard;Eduard;1902 - 1978;1902;1978
Gottfred Eickhoff;m;Eickhoff;Gottfred;1902 - 1982;1902;1982
Kaj Ejstrup;m;Ejstrup;Kaj;1902 - 1956;1902;1956
Arne Jacobsen;m;Jacobsen;Arne;1902 - 1971;1902;1971
Kai Mottlau;m;Mottlau;Kai;1902 - 1984;1902;1984
Hans Olsen;m;Olsen;Hans;1902 - 1983;1902;1983
Martin Hansen;m;Hansen;Martin;1903 - 1988;1903;1988
Viggo Julius Rørup;m;Rørup;Viggo Julius;1903 - 1971;1903;1971
Magnus Stephensen;m;Stephensen;Magnus;1903 - 1984;1903;1984
Åge Fredslund Andersen;m;Andersen;Åge Fredslund;1904 - 1976;1904;1976
Elisabeth Bertha Karlinsky;k;Karlinsky;Elisabeth Bertha;1904 - 1994;1904;1994
August Keil;m;Keil;August;1904 - 1973;1904;1973
Palle Suensson;m;Suensson;Palle;1904 - 1987;1904;1987
Flemming Vilhelm Bergsøe;m;Bergsøe;Flemming Vilhelm;1905 - 1968;1905;1968
Erik Clemmesen;m;Clemmesen;Erik;1905 - 1984;1905;1984
Else Fischer-Hansen;k;Fischer-Hansen;Else;1905 - 1996;1905;1996
Ingermarie Ostenfeldt;k;Ostenfeldt;Ingermarie;1905;1905;0
Hans Scherfig;m;Scherfig;Hans;1905 - 1979;1905;1979
Povl Goltermann O. Søndergaard;m;Søndergaard;Povl Goltermann O.;1905 - 1986;1905;1986
Mogens Zieler;m;Zieler;Mogens;1905 - 1983;1905;1983
Nils J. Kähler;m;Kähler;Nils J.;1906 - 1979;1906;1979
Tove Kindt-Larsen;k;Kindt-Larsen;Tove;1906 - 1994;1906;1994
Hans Lynge;m;Lynge;Hans;1906 - 1988;1906;1988
Felix Möhl;k;Möhl;Felix;1906 - 1985;1906;1985
Ernst Syberg;m;Syberg;Ernst;1906 - 1981;1906;1981
Folmer Bendtsen;m;Bendtsen;Folmer;1907 - 1993;1907;1993
Karl Bovin;m;Bovin;Karl;1907 - 1985;1907;1985
Tut Fog;k;Fog;Tut;1907 - 1999;1907;1999
Niels Grønbech;m;Grønbech;Niels;1907 - 1991;1907;1991
Henry Heerup;m;Heerup;Henry;1907 - 1993;1907;1993
Ernest Mancoba;m;Mancoba;Ernest;1907 - 2002;1907;2002
Egon Mathiesen;m;Mathiesen;Egon;1907 - 1976;1907;1976
Peter Alsing Nielsen;m;Nielsen;Peter Alsing;1907 - 1985;1907;1985
Arne Petersen;m;Petersen;Arne;1907 - 1989;1907;1989
Franka Rasmussen;k;Rasmussen;Franka;1907 - 1994;1907;1994
Svend Engelund;m;Engelund;Svend;1908 - 2007;1908;2007
Claus Holberg;m;Holberg;Claus;1908;1908;0
Arne Johannesen;m;Johannesen;Arne;1908 - 1998;1908;1998
Arne Johannessen;m;Johannessen;Arne;1908;1908;0
Eiler Krag;m;Krag;Eiler;1908 - 1991;1908;1991
Knud Nellemose;m;Nellemose;Knud;1908 - 1997;1908;1997
Kamma Svensson;k;Svensson;Kamma;1908 - 1988;1908;1988
Anna Thommesen;k;Thommesen;Anna;1908 - 2004;1908;2004
Gerda Åkesson;k;Åkesson;Gerda;1909 - 1992;1909;1992
Risse Berntsen;k;Berntsen;Risse;1909;1909;0
Poul Bjørklund;m;Bjørklund;Poul;1909 - 1984;1909;1984
Bertel Børge;m;Børge;Bertel;1909 - 1997;1909;1997
Povl Christensen;m;Christensen;Povl;1909 - 1977;1909;1977
Wilhelm Freddie;m;Freddie;Wilhelm;1909 - 1995;1909;1995
William Fridericia;m;Fridericia;William;1909 - 1996;1909;1996
Anne Margrethe Grosell;k;Grosell;Anne Margrethe;1909 - 1999;1909;1999
Svavar Gudnason;m;Gudnason;Svavar;1909 - 1988;1909;1988
Kamma Hedin;k;Hedin;Kamma;1909 - 1992;1909;1992
Lars Sylvest Jacobsen;m;Jacobsen;Lars Sylvest;1909 - 2004;1909;2004
Robert Dueholm Jessen;m;Jessen;Robert Dueholm;1909 - 1981;1909;1981
Lisbeth Munch-Petersen;k;Munch-Petersen;Lisbeth;1909 - 1997;1909;1997
Kirsten Rose;k;Rose;Kirsten;1909 - 2001;1909;2001
Sigurd Vasegaard;m;Vasegaard;Sigurd;1909 - 1967;1909;1967
Else Kirsten Tove Alfelt;k;Alfelt;Else Kirsten Tove;1910 - 1974;1910;1974
Ejler Bille;m;Bille;Ejler;1910 - 2004;1910;2004
Steffen Petersen Borgen;m;Borgen;Steffen Petersen;1910 - 1997;1910;1997
Edith Sonne Bruun;k;Bruun;Edith Sonne;1910 - 1993;1910;1993
Erling Frederiksen;m;Frederiksen;Erling;1910 - 1994;1910;1994
Ingrid Hansen;k;Hansen;Ingrid;1910 - 2004;1910;2004
Egill Jacobsen;m;Jacobsen;Egill;1910;1910;1998
Richard Mortensen;m;Mortensen;Richard;1910 - 1993;1910;1993
Kaj Nielsen;m;Nielsen;Kaj;1910 - 1993;1910;1993
Hans Sandmand;m;Sandmand;Hans;1910 - 1983;1910;1983
Edvard Anberg;m;Anberg;Edvard;1911 - 1994;1911;1994
Mogens Bjørn-Andersen;m;Bjørn-Andersen;Mogens;1911 - 2014;1911;2014
Victor Brockdorff;m;Brockdorff;Victor;1911 - 1992;1911;1992
Sven Hauptmann;m;Hauptmann;Sven;1911 - 1984;1911;1984
Mille Heerup;k;Heerup;Mille;1911;1911;0
Ole Kielberg;m;Kielberg;Ole;1911 - 1985;1911;1985
Knud Lollesgaard;m;Lollesgaard;Knud;1911 - 1997;1911;1997
Sonja Ferlov Mancoba;k;Mancoba;Sonja Ferlov;1911 - 1984;1911;1984
Erik Nyholm;m;Nyholm;Erik;1911 - 1990;1911;1990
Hans Øllgaard;m;Øllgaard;Hans;1911 - 1969;1911;1969
Christian Poulsen;m;Poulsen;Christian;1911 - 1991;1911;1991
Arno Axelsen;m;Axelsen;Arno;1912 - 1972;1912;1972
Falke Bang;m;Bang;Falke;1912 - 1998;1912;1998
Sven Havsteen-Mikkelsen;m;Havsteen-Mikkelsen;Sven;1912 - 1999;1912;1999
Helge Holmskov;m;Holmskov;Helge;1912 - 1982;1912;1982
Ruth Hull;k;Hull;Ruth;1912 - 1996;1912;1996
Robert Jacobsen;m;Jacobsen;Robert;1912 - 1993;1912;1993
Kai Gregers Jensen;m;Jensen;Kai Gregers;1912 - 1994;1912;1994
Finn Juhl;m;Juhl;Finn;1912 - 1989;1912;1989
Ejgil Vedel;m;Vedel;Ejgil;1912 - 2002;1912;2002
Frida Zachariassen;k;Zachariassen;Frida;1912 - 1992;1912;1992
Georg Sand Christiansen;m;Christiansen;Georg Sand;1913;1913;0
Lili Alice Ege;k;Ege;Lili Alice;1913;1913;0
Bamse Kragh-Jacobsen;m;Kragh-Jacobsen;Bamse;1913 - 1992;1913;1992
Harald W. Lauesen;m;Lauesen;Harald W.;1913 - 1989;1913;1989
Carl-Henning Pedersen;m;Pedersen;Carl-Henning;1913 - 2007;1913;2007
Ulf Rasmussen;m;Rasmussen;Ulf;1913 - 1997;1913;1997
Gertrud Vasegaard;k;Vasegaard;Gertrud;1913 - 2007;1913;2007
Sven Dalsgaard;m;Dalsgaard;Sven;1914 - 1999;1914;1999
Lisa Engquist;k;Engquist;Lisa;1914 - 1989;1914;1989
Carl Christian Faarup;m;Faarup;Carl Christian;1914;1914;0
Karl Gustav Hansen;m;Hansen;Karl Gustav;1914 - 2002;1914;2002
Aksel Jensen;m;Jensen;Aksel;1914 - 2005;1914;2005
Asger Jorn;m;Jorn;Asger;1914 - 1973;1914;1973
Mette Kornbeck;k;Kornbeck;Mette;1914;1914;0
Børge Mogensen;m;Mogensen;Børge;1914 - 1972;1914;1972
Hans Wegner;m;Wegner;Hans;1914 - 2007;1914;2007
Gudrun Meedom Bæch;k;Bæch;Gudrun Meedom;1915 - 2011;1915;2011
Edgar Funch;m;Funch;Edgar;1915 - 1995;1915;1995
Poul Hanmann;m;Hanmann;Poul;1915 - 1981;1915;1981
Aage Helbig Hansen;m;Hansen;Aage Helbig;1915 - 2014;1915;2014
Emil Hørbov;m;Hørbov;Emil;1915 - 1990;1915;1990
Henning Weinberg Jensen;m;Jensen;Henning Weinberg;1915;1915;0
Frimod Martin S. Joensen;m;Joensen;Frimod Martin S.;1915 - 1997;1915;1997
Sigrid Lütken;k;Lütken;Sigrid;1915 - 2008;1915;2008
Niels Macholm;m;Macholm;Niels;1915 - 1997;1915;1997
Knud Johannes H. K. Petrussen;m;Petrussen;Knud Johannes H. K.;1915 - 1973;1915;1973
Knud Raaschou-Nielsen;m;Raaschou-Nielsen;Knud;1915 - 1980;1915;1980
Per Ulrich;m;Ulrich;Per;1915 - 1994;1915;1994
Jeppe Vontillius;m;Vontillius;Jeppe;1915 - 1994;1915;1994
Jeppe Carl Jeppesen Vontillius;m;Vontillius;Jeppe Carl Jeppesen;1915 - 1994;1915;1994
Gunnar Westman;m;Westman;Gunnar;1915 - 1985;1915;1985
Mogens Andersen;m;Andersen;Mogens;1916 - 2003;1916;2003
Helge Ernst;m;Ernst;Helge;1916 - 1991;1916;1991
Erik Gruno;m;Gruno;Erik;1916 - 2000;1916;2000
Valdemar Foersom Hegndal;m;Hegndal;Valdemar Foersom;1916 - 2002;1916;2002
Knud Jans;m;Jans;Knud;1916 - 1985;1916;1985
Wilhelm Jensen;m;Jensen;Wilhelm;1916;1916;0
Anna Maria Lütken;k;Lütken;Anna Maria;1916 - 2001;1916;2001
Per Lütken;m;Lütken;Per;1916 - 1998;1916;1998
Alice Mogensen;k;Mogensen;Alice;1916 - 2012;1916;2012
Kaj Lykke Nielsen;m;Nielsen;Kaj Lykke;1916;1916;0
Knud Aage Nielsen;m;Nielsen;Knud Aage;1916;1916;0
Erik Thommesen;m;Thommesen;Erik;1916 - 2008;1916;2008
Karen Westman;k;Westman;Karen;1916 - 1970;1916;1970
Alfred Immanuel Jensen;m;Jensen;Alfred Immanuel;1917 - 2006;1917;2006
Søren Georg Jensen;m;Jensen;Søren Georg;1917 - 1982;1917;1982
Gudrun Ingeborg L. Lauesen Dall;k;Lauesen Dall;Gudrun Ingeborg L.;1917 - 1993;1917;1993
Poul Lillesøe;m;Lillesøe;Poul;1917 - 2011;1917;2011
Rolf Middelboe;m;Middelbo;Rolf;1917 - 1995;1917;1995
Erik Ortvad;m;Ortvad;Erik;1917 - 2008;1917;2008
Jørgen Andersen-Nærum;m;Andersen-Nærum;Jørgen;1918 - 1990;1918;1990
Palle Bisgaard;m;Bisgaard;Palle;1918;1918;0
Carl Faarup Christensen;m;Christensen;Carl Faarup;1918 - 1988;1918;1988
Gutte Eriksen;k;Eriksen;Gutte;1918 - 2008;1918;2008
Jens Peter Groth-Jensen;m;Groth-Jensen;Jens Peter;1918;1918;0
Inger Hanmann;k;Hanmann;Inger;1918 - 2007;1918;2007
Børge Herman Hansen;m;Hansen;Børge Herman;1918 - 2011;1918;2011
Holger Jacobsen;m;Jacobsen;Holger;1918;1918;0
Karl Otto Johansen;m;Johansen;Karl Otto;1918 - 2010;1918;2010
Agnethe Jørgensen;k;Jørgensen;Agnete;1918 - 2011;1918;2011
Henning Koppel;m;Koppel;Henning;1918 - 1981;1918;1981
Ann-Mari Kornerup;k;Kornerup;Ann-Mari Kornerup;1918 - 2006;1918;2006
Mogens Lohmann;m;Lohmann;Mogens;1918 - 1985;1918;1985
Sven Løwe;m;Løwe;Sven;1918;1918;0
Gudrun Poulsen;k;Poulsen;Gudrun;1918 - 1999;1918;1999
Frank Rubin;m;Rubin;Frank;1918 - 1990;1918;1990
Jørgen Samson;m;Samson;Jørgen;1918 - 2005;1918;2005
Preben Siiger;m;Siiger;Preben;1918 - 1995;1918;1995
Dan Sterup-Hansen;m;Sterup-Hansen;Dan;1918 - 1995;1918;1995
Jørn Utzon;m;Utzon;Jørn;1918 - 2008;1918;2008
Gunnar Aagaard Andersen;m;Andersen;Gunnar Aagaard;1919 - 1982;1919;1982
Helge Bertram;m;Bertram;Helge;1919 - 1988;1919;1988
Frits Bruzelius;m;Bruzelius;Frits;1919 - 1974;1919;1974
Frede Christoffersen;m;Christoffersen;Frede;1919 - 1987;1919;1987
Arne Ecklund;m;Ecklund;Arne;1919;1919;0
Ib Geertsen;m;Geertsen;Ib;1919 - 2009;1919;2009
Kjeld Hansen;m;Hansen;Kjeld;1919 - 2012;1919;2012
Preben Hornung;m;Hornung;Preben;1919;1919;0
Richard Kjærgaard;m;Kjærgaard;Richard;1919 - 1999;1919;1999
Leo Lund;m;Lund;Leo Lund;1919 - 1970;1919;1970
Elinborg Lützen;k;Lützen;Elinborg;1919 - 1995;1919;1995
Erik Lynge;m;Lynge;Erik;1919 - 1998;1919;1998
Jane Muus;k;Muus;Jane;1919 - 2007;1919;2007
Karen Thorvald Nielsen;k;Nielsen;Karen Thorvald;1919 - 1997;1919;1997
Børje Ottosson;m;Ottoson;Børje;1919 - 1997;1919;1997
Pierre Soulages;m;Soulages;Pierre;1919;1919;0
Clifford Wright;m;Wright;Clifford;1919 - 1999;1919;1999
Finn Carlsen;m;Carlsen;Finn;1920 - 1996;1920;1996
Paul Gadegaard;m;Gadegaard;Paul;1920 - 1996;1920;1996
Keld Helmer-Petersen;m;Helmer-Petersen;Keld;1920 - 2013;1920;2013
Berit Hjelholt;k;Hjelholt;Berit;-1920;1920;0
Peer Bloch Jacobsen Hübschmann;m;Hübschmann;Peer Bloch Jacobsen;1920 - 1993;1920;1993
Grete Jalk;k;Jalk;Grete;1920 - 2006;1920;2006
Edel Bærskog Jensen;k;Jensen;Edel Bærskog;-1920;1920;0
Jens Urup Jensen;m;Jensen;Jens Urup;1920 - 2010;1920;2010
Eyvind Karup Nielsen;m;Karup Nielsen;Eyvind;1920 - 1988;1920;1988
Albert Mertz;m;Mertz;Albert;1920 - 1990;1920;1990
Vera Myhre;k;Myhre;Vera;1920 - 2000;1920;2000
Jørgen Nash;m;Nash;Jørgen;1920 - 2004;1920;2004
Morten Nielsen;m;Nielsen;Morten;1920 - 1998;1920;1998
Palle Nielsen;m;Nielsen;Palle;1920 - 2000;1920;2000
Willy Ørskov;m;Ørskov;Willy;1920 - 1990;1920;1990
Ingálvur av Reyni;m;Reyni;Ingálvur;1920 - 2005;1920;2005
Torben Valeur;m;Valeur;Torben;1920 - 2001;1920;2001
Mogens Balle;m;Balle;Mogens;1921 - 1988;1921;1988
K. (Knud) Bjørn-Knudsen;m;Bjørn-Knudsen;K. (Knud);1921;1921;0
Erik Bro;m;Bro;Erik;1921;1921;0
Poul Ekelund;m;Ekelund;Poul;1921 - 1976;1921;1976
Emil Gregersen;m;Gregersen;Emil;1921 - 1993;1921;1993
Arne L. Hansen;m;Hansen;Arne L.;1921 - 2009;1921;2009
K. Bjørn Knudsen;m;Knudsen;K. Bjørn;1921;1921;0
Maria Olafsdottir;k;Olafsdottir;Maria;1921 - 1979;1921;1979
Ib Spang Olsen;m;Olsen;Ib;1921 - 2012;1921;2012
Henning Persson;m;Persson;Henning;1921;1921;0
Karin Nathorst Westfeldt;k;Westfeldt;Karin Nathorst;1921 - 2013;1921;2013
Karin Nathorst Westfelt;k;Westfelt;Karin Nathorst;1921 - 2013;1921;2013
Thomas Arnel;m;Arnel;Thomas;1922 - 2010;1922;2010
Kristian Begtorp;m;Begtorp;Kristian;1922;1922;0
Freddie Dybris;m;Dybris;Freddie;1922 - 1993;1922;1993
Bent Galatius;m;Galatius;Bent;1922;1922;0
Gugge Hammerskov;k;Hammerskov;Gugge;1922;1922;0
Svend Wiig Hansen;m;Hansen;Svend Wiig;1922 - 1997;1922;1997
Karen Højgaard;k;Højgaard;Karen;-1922;1922;0
Regnar Jensen;m;Jensen;Regnar;1922 - 2009;1922;2009
Svend Johansen;m;Johansen;Svend;1922 - 1998;1922;1998
Eli Ponsaing;m;Ponsaing;Eli;1922 - 2013;1922;2013
Robert Risager;m;Risager;Robert;1922 - 2007;1922;2007
Viggo Rivad;m;Rivad;Viggo;1922;1922;0
Jørgen Roos;m;Roos;Jørgen;1922 - 1998;1922;1998
Erik Christian Sørensen;m;Sørensen;Erik Christian;1922 - 2011;1922;2011
Eigil Wendt;m;Wendt;Eigil;1922 - 1999;1922;1999
Ejgil Wendt;m;Wendt;Ejgil;1922 - 1999;1922;1999
Ib Braase;m;Braase;Ib;1923 - 2009;1923;2009
Tora Garde;k;Garde;Tora;1923;1923;0
Vibeke Lind;k;Lind;Vibeke;1923 - 2013;1923;2013
Agnete Madsen;k;Madsen;Agnete;1923 - 1997;1923;1997
Alfred Madsen;m;Madsen;Alfred;1923 - 1986;1923;1986
Rasmus Nellemann;m;Nellemann;Rasmus;1923 - 2004;1923;2004
Elsa Nielsen;k;Nielsen;Elsa;1923 - 2011;1923;2011
Nikolaj Nielsen;m;Nielsen;Nikolaj;1923;1923;0
Erik Reiff;m;Reiff;Erik;1923 - 2006;1923;2006
Jørgen Rømer;m;Rømer;Jørgen;1923 - 2007;1923;2007
Allan Schmidt;m;Schmidt;Allan;1923 - 1989;1923;1989
Bent Sørensen;m;Sørensen;Bent;1923 - 2008;1923;2008
Kristian Solmer Vedel;m;Vedel;Kristian Solmer;1923 - 2003;1923;2003
Niels Andersen;m;Andersen;Niels;1924;1924;0
Agnete Bjerre;k;Bjerre;Agnete;1924;1924;0
Johannes Carstensen;m;Carstensen;Johannes;1924 - 2010;1924;2010
Kurt Kaj Jensen;m;Jensen;Kurt Kaj;1924;1924;0
Lisette Kampmann;k;Kampmann;Lisette;1924;1924;0
Jørgen Høj Madsen;m;Madsen;Jørgen Høj;1924;1924;0
Niels Østergaard;m;Østergaard;Niels;1924 - 1974;1924;1974
Tage Stentoft;m;Stentoft;Tage;1924 - 2005;1924;2005
Inger Thing;k;Thing;Inger;1924 - 2014;1924;2014
Birger Brøndum;m;Brøndum;Birger;1925 - 2001;1925;2001
Poul Gernes;m;Gernes;Poul;1925 - 1996;1925;1996
Gustav Hansen;m;Hansen;Gustav;1925;1925;0
Maria Lüders Hansen;k;Hansen;Maria Lüders;1925;1925;0
Preben Hansen;m;Hansen;Preben;1925 - 2000;1925;2000
Gunnar Gustav Hossy;m;Hossy;Gunnar Gustav;1925 - 1990;1925;1990
Kirsten Gregers Jensen;k;Jensen;Kirsten Gregers;1925 - 1993;1925;1993
Alfred Klitgaard;m;Klitgaard;Alfred;-1925;1925;0
Rigmor Mydtskov;k;Mydtskov;Rigmor;1925 - 2010;1925;2010
Anna Nørgaard;k;Nørgaard;Anna;1925;1925;0
Flemming Lipholt Petersen;m;Petersen;Flemming Lipholt;1925;1925;0
Kjeld Ejnar Petersen;m;Petersen;Kjeld Ejnar;1925 - 1992;1925;1992
Jens Rosing;m;Rosing;Jens;1925 - 2008;1925;2008
Thor Selzer;m;Selzer;Thor;1925 - 1989;1925;1989
Herman Stilling;m;Stilling;Herman;1925 - 1996;1925;1996
Tommy Storkholm;m;Storkholm;Tommy;-1925;1925;0
Jytte Thompson;k;Thompson;Jytte;1925 - 2001;1925;2001
Tusta Wefring;k;Wefring;Tusta;1925 - 2014;1925;2014
Lars Gunner Åkirke;m;Åkirke;Lars Gunner;1926 - 2004;1926;2004
Grete Balle;k;Balle;Grete;1926;1926;0
Poul Eje Kristensen;m;Eje Kristensen;Poul;1926 - 2011;1926;2011
Erik Enevold;m;Enevold;Erik;1926;1926;0
Jacob Jensen;m;Jensen;Jacob;1926;1926;0
Børge Jørgensen;m;Jørgensen;Børge;1926 - 1998;1926;1998
Flemming Koefoed;m;Koefoed;Flemming;1926 - 2004;1926;2004
Jørn Larsen;m;Larsen;Jørn;1926 - 2004;1926;2004
Erik Mortensen;m;Mortensen;Erik;1926 - 1998;1926;1998
Gert Nielsen;m;Nielsen;Gert;1926 - 1993;1926;1993
Verner Panton;m;Panton;Verner;1926 - 1998;1926;1998
Ejvind Schaldemose;m;Schaldemose;Ejvind;1926;1926;0
Knud Erik Skou;m;Skou;Knud Erik;1926 - 2014;1926;2014
Carsten Svennson;m;Svennson;Carsten;1926 - 2011;1926;2011
Bent Stubbe Teglbjærg;m;Teglbjærg;Bent Stubbe;1926 - 2004;1926;2004
Niels Henrik Thorhauge;m;Thorhauge;Niels Henrik;1926 - 2001;1926;2001
Richard Winther;m;Winther;Richard;1926 - 2007;1926;2007
Sven-Ingvar Andersson;m;Andersson;Sven-Ingvar;1927 - 2007;1927;2007
Hugo Arne Buch;m;Buch;Hugo Arne;1927 - 2008;1927;2008
Torun Bülow-Hübe;k;Bülow-Hübe;Torun;1927 - 2004;1927;2004
Christian Lymann Hansen;m;Hansen;Christian Lymann;1927 - 2004;1927;2004
Jørgen Bruun Hansen;m;Hansen;Jørgen Bruun;1927;1927;0
Kirsten Juul Hansen;k;Hansen;Kirsten Juul;1927;1927;0
Poul Oskar Hansen;m;Hansen;Poul Oskar;1927;1927;0
Niels Helledie;m;Helledie;Niels;1927;1927;0
Knud Hvidberg;m;Hvidberg;Knud;1927 - 1986;1927;1986
Vibeke Klint;k;Klint;Vibeke;-1927;1927;0
Flemming Rosenfalck;m;Rosenfalck;Flemming;1927 - 1972;1927;1972
William Soya;m;Soya;William;1927 - 1994;1927;1994
Helle Thorborg;k;Thorborg;Helle;1927;1927;0
Birte Weggerby;k;Weggerby;Birte;1927 - 1982;1927;1982
Henning Damgård-Sørensen;m;Damgaard-Sørensen;Henning;1928 - 2013;1928;2013
Bent Gabrielsen Pedersen;m;Gabrielsen Pedersen;Bent;1928;1928;0
Anne Marie Harrison;k;Harrison;Anne Marie;1928 - 2005;1928;2005
Kasper Heiberg;m;Heiberg;Kasper;1928 - 1984;1928;1984
Arne Heuser;m;Heuser;Arne;1928;1928;0
Peer Henrik Koefoed-Larsen;m;Koefoed-Larsen;Peer Henrik;1928 - 1989;1928;1989
Arthur Køpcke;m;Køpcke;Arthur;1928 - 1977;1928;1977
Ruth Malinowski;k;Malinowski;Ruth;1928;1928;0
Hans Jørgen Nicolaisen;m;Nicolaisen;Hans Jørgen;1928;1928;0
Torbjørg Ougaard;m;Ougaard;Torbjørg;1928;1928;0
Erik Poulsen;m;Poulsen;Erik;1928 - 1999;1928;1999
Mogens Skjøth;m;Skjøth;Mogens;1928;1928;0
Ejgil Westergaard;m;Westergaard;Ejgil;1928 - 2015;1928;2015
Ingemann Andersen;m;Andersen;Ingemann;1929;1929;0
Bente Bonné;k;Bonné;Bente;1929 - 1996;1929;1996
Per Borring;m;Borring;Per;1929;1929;0
Grethe Carstensen;k;Carstensen;Grethe;1929;1929;0
Per Damm;m;Damm;Per;1929;1929;0
Sven Debois;m;Debois;Sven;1929;1929;0
Jeppe Hagedorn-Olsen;m;Hagedorn-Olsen;Jeppe;1929;1929;0
Grete Holst;k;Holst;Grete;1929;1929;0
Carl Henrik Jensen;m;Jensen;Carl Henrik;1929;1929;0
Erik Jørgensen;m;Jørgensen;Erik;1929;1929;0
Hasse Juul;m;Juul;Hasse;1929;1929;0
Poul Kjærholm;m;Kjærholm;Poul;1929 - 1980;1929;1980
Preben Køie-Nielsen;m;Køie-Nielsen;Preben;1929;1929;0
Otto Lawaetz;m;Lawaetz;Otto;1929;1929;0
Inge Lindemark;k;Lindemark;Inge;1929;1929;0
Jørn Mathiassen;m;Mathiassen;Jørn;1929 - 2003;1929;2003
Torben Harder Rasmussen;m;Rasmussen;Torben Harder;1929;1929;0
Ole Schwalbe;m;Schwalbe;Ole;1929;1929;0
Emanuel Andersen;m;Andersen;Emanuel;1930;1930;0
Ole Gjerløv-Knudsen;m;Gjerløv-Knudsen;Ole;1930 - 2009;1930;2009
Lisbeth Have;k;Have;Lisbeth;1930;1930;0
Knud Holscher;m;Holscher;Knud;1930;1930;0
Jens Christian Jacobsen;m;Jacobsen;Jens Christian;1930;1930;0
Ole W. Jacobsen;m;Jacobsen;Ole W.;1930 - 2011;1930;2011
Erik Lagoni Jakobsen;m;Jakobsen;Erik Lagoni;1930;1930;0
Jeppe Juel Jensen;m;Jensen;Jeppe Juel;1930;1930;0
Bodil Kaalund;k;Kaalund;Bodil;1930;1930;0
Herold G. Kristensen;m;Kristensen;Herold G.;1930;1930;0
Finn Lynggaard;m;Lynggaard;Finn;1930 - 2011;1930;2011
Seppo Mattinen;m;Mattinen;Seppo;1930;1930;0
Jørgen Møller;m;Møller;Jørgen;1930;1930;0
Henning Nielsen;m;Nielsen;Henning;1930;1930;0
Allan Gustav Fritiof Nilsson;m;Nilsson;Allan Gustav Fritiof;1930;1930;0
Hanne Smidth;k;Smidth;Hanne;1930;1930;0
Ole Woldbye;m;Woldbye;Ole;1930 - 2003;1930;2003
Jörgen Brynjolf;m;Brynjolf;Jörgen;1931 - 1993;1931;1993
Inger Lut Debois;k;Debois;Inger Lut;1931;1931;0
Kjeld Heltoft;m;Heltoft;Kjeld;1931;1931;0
Astrid Klenow;k;Klenow;Astrid;1931;1931;0
Erik Otto Larsen;m;Larsen;Erik Otto;1931 - 2008;1931;2008
Kai Lindemann;m;Lindemann;Kai;1931;1931;0
Annalise Møller-Petersen;k;Møller-Petersen;Annalise;1931 - 1975;1931;1975
Anne Rauslet;k;Rauslet;Anne;1931;1931;0
John Rimer;m;Rimer;John;1931;1931;0
Henri Rothschild;m;Rothschild;Henri;1931 - 1992;1931;1992
Aage Schmidt;m;Schmidt;Aage;1931;1931;0
Poul Sørensen;m;Sørensen;Poul;;1931;0
Jan Trägårdh;m;Trägårdh;Jan;1931 - 2006;1931;2006
Erik Vilhelm-Sørensen;m;Vilhelm-Sørensen;Erik;1931;1931;0
Conny Walther;k;Walther;Conny;1931;1931;0
Helle Allpass;k;Allpass;Helle;1932 - 2000;1932;2000
Gerda Thune Andersen;k;Andersen;Gerda Thune;1932;1932;0
Ib Andersen;m;Andersen;Ib;1932 - 2000;1932;2000
Jacob Bang;m;Bang;Jacob;1932;1932;0
Annelise Bjørner;k;Bjørner;Annelise;1932;1932;0
Hans Börjeson;m;Börjeson;Hans;1932;1932;0
Ole Christensen;m;Christensen;Ole;1932;1932;0
Henning Christiansen;m;Christiansen;Henning;1932;1932;0
Niels Guttormsen;m;Guttormsen;Niels;1932;1932;0
Finn Hauptmann;m;Hauptmann;Finn;1932;1932;0
Jørgen Hauptmann;m;Hauptmann;Jørgen;1932;1932;0
Pia Hedegaard;k;Hedegaard;Pia;1932;1932;0
Gerda Hemrich;k;Hemrich;Gerda;1932;1932;0
Jette Kastberg;k;Kastberg;Jette;1932;1932;0
Jan Leth;m;Leth;Jan;1932;1932;0
Kirsten Lockenwitz;k;Lockenwitz;Kirsten;1932;1932;0
Finn Mickelborg;m;Mickelborg;Finn;1932;1932;0
Dorthe Møller;k;Møller;Dorthe;1932;1932;0
Ole Skou Olsen;m;Olsen;Ole Skou;1932;1932;0
Ole V. Rasmussen;m;Rasmussen;Ole V.;1932;1932;0
Preben Schmidt;m;Schmidt;Preben;1932 - 2002;1932;2002
Bertil Sjøberg;m;Sjøberg;Bertil;1932;1932;0
Martin Sloth;m;Sloth;Martin;1932;1932;0
Arne Haugen Sørensen;m;Sørensen;Arne Haugen;1932;1932;0
Jens Jørgen Thorsen;m;Thorsen;Jens Jørgen;1932 - 2000;1932;2000
Rud Thygesen;m;Thygesen;Rud;1932;1932;0
Johnie Toftsø;m;Toftsø;Johnie;1932 - 1998;1932;1998
Lise Warburg;k;Warburg;Lise;1932;1932;0
Nikolaus Wehding;m;Wehding;Nikolaus;1932;1932;0
Aron Berthelsen;m;Berthelsen;Aron;1933;1933;0
Nils Fagerholt;m;Fagerholt;Nils;1933;1933;0
Mette Hector;k;Hector;Mette;1933;1933;0
Dyke Johannsen;m;Johannsen;Dyke;1933;1933;0
Preben Jørgensen;m;Jørgensen;Preben;1933;1933;0
Anne Kjærsgaard;k;Kjærsgaard;Anne;1933 - 1990;1933;1990
Simon Kristoffersen;m;Kristoffersen;Simon;1933;1933;0
Leif Lage;m;Lage;Leif;1933;1933;0
Bodil og Richard Manz;grp;Manz;Bodil og Richard;1943 - & 1933 - 1999;1933;1999
Richard Manz;m;Manz;Richard;1933 - 1999;1933;1999
Loui Michael;m;Michael;Loui;1933;1933;0
Giorgio Musoni;m;Musoni;Giorgio;1933;1933;0
Poul Pedersen;m;Pedersen;Poul;1933;1933;0
Karl Åge Riget;m;Riget;Karl Åge;1933;1933;0
Jens-Flemming Sørensen;m;Sørensen;Jens-Flemming;1933;1933;0
Frank Ivan Thomsen;m;Thomsen;Frank Ivan;1933 - 1995;1933;1995
Jette Thyssen;k;Thyssen;Jette;1933;1933;0
Hanne Vedel;k;Vedel;Hanne;1933;1933;0
Vibeke Alfelt;k;Alfelt;Vibeke;1934 - 1999;1934;1999
Hanne Marie S. Torpe Alkærsig;k;Alkærsig;Hanne Marie S. Torpe;1934;1934;0
Ole Bjørn;m;Bjørn;Ole;1934;1934;0
Gitte Hauptmann;k;Hauptmann;Gitte;1934;1934;0
Ole Heerup;m;Heerup;Ole;1934;1934;0
Erik Heide;m;Heide;Erik;1934;1934;0
Carsten Hoff;m;Hoff;Carsten;1934;1934;0
Mogens Hoff;m;Hoff;Mogens;1934 - 2008;1934;2008
Annette Holdensen;k;Holdensen;Annette;1934;1934;0
Bent Karl Jacobsen;m;Jacobsen;Bent Karl;1934;1934;0
Annette Juel;k;Juel;Annette;1934;1934;0
Mogens Møller;m;Møller;Mogens;1934;1934;0
Billy Sjur Ohlsen;m;Ohlsen;Billy Sjur;1934;1934;0
Birte Ohsten;k;Ohsten;Birte;1934;1934;0
Siv Persson;k;Persson;Siv;1934;1934;0
Margaret Plesner;k;Plesner;Margaret;1934;1934;0
Niels Refsgaard;m;Refsgaard;Niels;1934;1934;0
Inger Rokkjær;k;Rokkjær;Inger;1934 - 2008;1934;2008
Jørgen Haugen Sørensen;m;Sørensen;Jørgen Haugen;1934;1934;0
Bjarne W. Troelstrup;m;Troelstrup;Bjarne W.;1934;1934;0
Lillian Bolvinkel;k;Bolvinkel;Lillian;1935;1935;0
Egon Fischer;m;Fischer;Egon;1935;1935;0
Stig Fogtdal;m;Fogtdal;Stig;1935;1935;0
Freddy Fræk;m;Fraek;Freddy;1935;1935;0
Palle From;m;From;Palle;1935;1935;0
Hein Heinsen;m;Heinsen;Hein;1935;1935;0
William Jessen;m;Jessen;William;1935;1935;0
Søren Kjærsgaard;m;Kjærsgaard;Søren;1935;1935;0
Ole Palsby;m;Palsby;Ole;1935 - 2010;1935;2010
Freddy Poulsen (se Også Fraek, Freddy);m;Poulsen (se Også Fraek, Freddy);Freddy;1935;1935;0
Anne-Lise Rathsach;k;Rathsach;Anne-Lise;1935;1935;0
Fritse Rinds;k;Rinds;Fritse;1935;1935;0
Hanne Schou;k;Schou;Hanne;1935;1935;0
Gunvor Skole;k;Skole;Gunvor;1935;1935;0
Kasper Thomassen;m;Thomassen;Kasper;1935;1935;0
Poul Agger;m;Agger;Poul;1936;1936;0
Jørgen Stenberg Basse;m;Basse;Jørgen Stenberg;1936;1936;0
Axel Erlandsen;m;Erlandsen;Axel;1936;1936;0
Bjarne Esbensen;m;Esbensen;Bjarne;1936;1936;0
Ole Find;m;Find;Ole;1936;1936;0
Hans Christian Gørgens;m;Gørgens;Hans Christian;1936 - 1987;1936;1987
Knud Hansen;m;Hansen;Knud;1936;1936;0
Niels Jørgen Haugesen;m;Haugesen;Niels Jørgen;1936;1936;0
Zacharias Heinesen;m;Heinesen;Zacharias;1936;1936;0
Nanna Hertoft;k;Hertoft;Nanna;1936;1936;0
Poul Horsdal;m;Horsdal;Poul;1936;1936;0
Ib Ingversen;m;Ingversen;Ib;1936;1936;0
Poul Janus Ipsen;m;Ipsen;Poul Janus;1936;1936;0
Ole Sylvest Jacobsen;m;Jacobsen;Ole Sylvest;1936;1936;0
Finn Hjortskov Jensen;m;Jensen;Finn Hjortskov;1936;1936;0
Chrystoph Lesniak;m;Lesniak;Chrystoph;1936;1936;0
Ole Krog Møller;m;Møller;Ole;1936;1936;0
Lisbet Olrik;k;Olrik;Lisbet;1936;1936;0
Per Jens Kristian Pedersen;m;Pedersen;Per Jens Kristian;1936;1936;0
Inge Rasmussen;k;Rasmussen;Inge;1936;1936;0
Tonning Rasmussen;m;Rasmussen;Tonning;1936;1936;0
Gunnar Saietz;m;Saietz;Gunnar;1936;1936;0
Gunnar Thulesen;m;Thulesen;Gunnar;1936 - 1979;1936;1979
Myre Vasegaard;k;Vasegaard;Myre;1936 - 2006;1936;2006
Knud Weinert;m;Weinert;Knud;1936;1936;0
Erik Brandt;m;Brandt;Erik;1937;1937;0
Lene Elsner;k;Elsner;Lene;1937;1937;0
Ole Finding;m;Finding;Ole;1937;1937;0
K. Fisker-Nielsen;;Fisker-Nielsen;K.;1937;1937;0
Hans E. Frederik Friederichsen;m;Friederichsen;Hans E. Frederik;1937;1937;0
Ulrik Friis-Møller;m;Friis-Møller;Ulrik;1937;1937;0
Erik Gram-Hanssen;m;Gram-Hanssen;Erik;1937;1937;0
Karen Hansen;k;Hansen;Karen;1937;1937;0
Ole Folmer Hansen;m;Hansen;Ole Folmer;1937;1937;0
Poul Ib Henriksen;m;Henriksen;Poul Ib;1937;1937;0
Susan Holm;k;Holm;Susan;1937;1937;0
Merete Agergaard Jensen;k;Jensen;Merete Agergaard;1937;1937;0
Poul Johannesen;m;Johannesen;Poul;1937;1937;0
Sara Kristoffersen;k;Kristoffersen;Sara;1937;1937;0
Birgit Krogh;k;Krogh;Birgit;1937;1937;0
Freddie A. Lerche;m;Lerche;Freddie A.;1937;1937;0
Sten Lykke Madsen;m;Madsen;Sten Lykke;1937;1937;0
Lizzi Mallow;k;Mallow;Lizzi;1937;1937;0
Edvard Matwijkiw;m;Matwijkiw;Edvard;1937;1937;0
Ursula Munch-Petersen;k;Munch-Petersen;Ursula;1937;1937;0
Per Neble;m;Neble;Per;1937;1937;0
Egon Bjerg Nielsen;m;Nielsen;Egon Bjerg;1937;1937;0
Vibeke Mencke Nielsen;k;Nielsen;Vibeke Mencke;1937;1937;0
Peter Nyborg;m;Nyborg;Peter;1937;1937;0
Ib S. Østergaard;m;Østergaard;Ib S.;1937;1937;0
Bernt Petersen;m;Petersen;Bernt;1937;1937;0
Gerd Hiort Petersen;k;Petersen;Gerd Hiort;1937;1937;0
Hans Meyer Petersen;m;Petersen;Hans Meyer;1937;1937;0
Bodil Schaldemose;k;Schaldemose;Bodil;1937;1937;0
Mikael Schiøtz;m;Schiøtz;Mikael;1937;1937;0
Thomas Bang;m;Bang;Thomas;1938;1938;0
Viggo Bentzon;m;Bentzon;Viggo;1938;1938;0
Birte S. Elsasdatter Branner;k;Branner;Birte S. Elsasdatter;1938;1938;0
Niels Bredsdorff;m;Bredsdorff;Niels;1938;1938;0
Hanne Christiansen;k;Christiansen;Hanne;1938;1938;0
Oda Christiansen;k;Christiansen;Oda;1938;1938;0
Allan de Waal;m;de Waal;Allan;1938;1938;0
Jørgen Gammelgaard;m;Gammelgaard;Jørgen;1938;1938;0
Arje Griegst;m;Griegst;Arje;1938;1938;0
Jan Groth;m;Groth;Jan;1938;1938;0
Lars Hillingsø;m;Hillingsø;Lars;1938;1938;0
Ulrik Hoff;m;Hoff;Ulrik;1938;1938;0
Bent Falk Jensen;m;Jensen;Bent Falk;1938;1938;0
Leif Jepsen;m;Jepsen;Leif;1938;1938;0
Jørgen Karlsen;m;Karlsen;Jørgen;1938;1938;0
Per Kirkeby;m;Kirkeby;Per;-1938;1938;0
Oda Knudsen;k;Knudsen;Oda;1938;1938;0
Tove Kurtzweil;k;Kurtzweil;Tove;1938;1938;0
Nana Nissen;k;Nissen;Nana;1938;1938;0
John Olsen;m;Olsen;John;1938;1938;0
Ehs Østergaard;k;Østergaard;Ehs;1938;1938;0
Ole Bent Petersen;m;Petersen;Ole Bent;1938 - 1998;1938;1998
Johan Henrik Piepgrass;m;Piepgrass;Johan Henrik;1938;1938;0
Jacob Anders Ring;m;Ring;Jacob Anders;1938;1938;0
Ulrich Rückreim;m;Rückreim;Ulrich;1938;1938;0
Alev Siesbye;k;Siesbye;Alev;1938;1938;0
Kirsten Sloth;k;Sloth;Kirsten;1938;1938;0
Teddy Sørensen;m;Sørensen;Teddy;1938;1938;0
Birte Stenbak;k;Stenbak;Birte;1938;1938;0
Lise Stigen;k;Stigen;Lise;1938;1938;0
Randi Studsgarth;k;Studsgarth;Randi;1938;1938;0
Niels Sylvest;m;Sylvest;Niels;1938;1938;0
Anders Tindsbo;m;Tindsbo;Anders;1938 - 1994;1938;1994
Ingomar Vangsgaard;m;Vangsgaard;Ingomar;1938;1938;0
Merete Zacho;k;Zacho;Merete;1938;1938;0
Gunhild Aaberg;k;Aaberg;Gunhild;1939;1939;0
Jane Balsgaard;k;Balsgaard;Jane;1939;1939;0
Gunnar Bay;m;Bay;Gunnar;1939;1939;0
Søren Birk;m;Birk;Søren;1939;1939;0
Harald Böhling-Petersen;m;Böhling-Petersen;Harald;1939 - 2001;1939;2001
Birgitte Börjeson;k;Börjeson;Birgitte;1939;1939;0
Flemming Daastrup;m;Daastrup;Flemming;1939;1939;0
Henrik Flagstad;m;Flagstad;Henrik;1939;1939;0
Johanne Foss;k;Foss;Johanne;1939;1939;0
Gurli Gottlieb;k;Gottlieb;Gurli;1939;1939;0
Ingrid Hansen;k;Hansen;Ingrid;1939;1939;0
Klavs Helweg-Larsen;m;Helweg-Larsen;Klavs;1939;1939;0
Torben Heron;m;Heron;Torben;1939;1939;0
Tove Hummel;k;Hummel;Tove;1939;1939;0
Frithioff Johansen;m;Johansen;Frithioff;1939;1939;0
Tonna Elisabeth Kjærsgaard;k;Kjærsgaard;Tonna Elisabeth;-1939;1939;0
Inge-Lise Kofoed;k;Kofoed;Inge-Lise;1939;1939;0
Bodil Krogh;k;Krogh;Bodil;1939;1939;0
Ole Vincent Larsen;m;Larsen;Ole Vincent;1939 - 2003;1939;2003
Bendt Thoft Nielsen;m;Nielsen;Bendt Thoft;1939;1939;0
Bjørn Nordahl;m;Nordahl;Bjørn;1939;1939;0
Hans Christian Rylander;m;Rylander;Hans Christian;1939;1939;0
Jørn Særker Sørensen;m;Sørensen;Jørn Særker;1939;1939;0
Peer Strande;m;Strande;Peer;1939;1939;0
Sys Thomsen;k;Thomsen;Sys;1939;1939;0
Hanne Varming;k;Varming;Hanne;1939;1939;0
Niels Winkel;m;Winkel;Niels;1939;1939;0
Poul Winther;m;Winther;Poul;1939;1939;0
Ola Billgren;m;Billgren;Ola;1940 - 2001;1940;2001
Jørgen Boberg;m;Boberg;Jørgen;1940 - 2009;1940;2009
Mogens Egil;m;Egil;Mogens;1940 - 2011;1940;2011
Helle-Vibeke Erichsen;k;Erichsen;Helle-Vibeke;1940;1940;0
Jens Friis;m;Friis;Jens;1940;1940;0
Kai Führer;m;Führer;Kai;1940;1940;0
Erik Hagens;m;Hagens;Erik;1940;1940;0
Jørgen Hahn;m;Hahn;Jørgen;1940;1940;0
Steffen Jørgensen;m;Jørgensen;Steffen;1940;1940;0
Annelise Kalbak;k;Kalbak;Annelise;1940;1940;0
Barbara Knapczyk;k;Knapczyk;Barbara;1940;1940;0
Thue Kristiansen;m;Kristiansen;Thue;1940;1940;0
Ole Madsen;m;Madsen;Ole;1940;1940;0
Erik Magnussen;m;Magnussen;Erik;1940;1940;0
Hanne Mailand;k;Mailand;Hanne;1940;1940;0
Ina Mathiasen;k;Mathiasen;Ina;1940;1940;0
Kim Naver;m;Naver;Kim;1940;1940;0
Leif Sylvester Petersen;m;Petersen;Leif Sylvester;1940;1940;0
Elsebet Rahlff;k;Rahlff;Elsebet;1940;1940;0
Jan Riishede;m;Riishede;Jan;1940;1940;0
Pia Schutzmann;k;Schutzmann;Pia;1940;1940;0
Erik Sjødahl;m;Sjødahl;Erik;1940 - 2012;1940;2012
Eva Sørensen;k;Sørensen;Eva;1940;1940;0
Ole Bach Sørensen;m;Sørensen;Ole Bach;1940;1940;0
Wanda Thorsøe-Jacobsen;k;Thorsøe-Jacobsen;Wanda;1940;1940;0
Troels Trier;m;Trier;Troels;1940;1940;0
Jørgen Wiemann;m;Wiemann;Jørgen;1940;1940;0
Erik Winckler;m;Winckler;Erik;1940;1940;0
Jette With;k;With;Jette;1940;1940;0
Erik Gottlieb Argus;m;Argus;Erik Gottlieb;1941;1941;0
Per Arnoldi;m;Arnoldi;Per;1941;1941;0
Aage Birch;m;Birch;Aage;1941;1941;0
Willi Birckner;m;Birckner;Willi;1941 - 1994;1941;1994
Ana Blichfeldt;k;Blichfeldt;Ana;1941;1941;0
Torben Bohse;m;Bohse;Torben;1941;1941;0
Bo Bonfils;m;Bonfils;Bo;1941;1941;0
Ingeborg Borup;k;Borup;Ingeborg;1941;1941;0
Stig Brøgger;m;Brøgger;Stig;1941;1941;0
Peer Bruun;m;Bruun;Peer;1941;1941;0
Keld Bech Christensen;m;Christensen;Keld Bech;1941;1941;0
Bente Christensen-Ernst;k;Christensen-Ernst;Bente;-1941;1941;0
"Jørgen Nielsen ""Aske"" Dam";m;Dam;"""Aske"" Jørgen Nielsen";1941;1941;0
Ena Dam;k;Dam;Ena;1941;1941;0
Kirsten Dufour;k;Dufour;Kirsten;1941;1941;0
Anne Marie Egemose;k;Egemose;Anne Marie;1941;1941;0
Jette Erlandsen;k;Erlandsen;Jette;1941;1941;0
Mogens Gissel;m;Gissel;Mogens;1941;1941;0
Lis Gram;k;Gram;Lis;1941;1941;0
Marie Hjorth;k;Hjorth;Marie;1941;1941;0
Nina Hole;k;Hole;Nina;1941;1941;0
Ingvald Holmefjord;m;Holmefjord;Ingvald;1941;1941;0
Tonny Hørning;m;Hørning;Tonny;1941;1941;0
Jeff Ibbo;m;Ibbo;Jeff;1941;1941;0
Erling Jørgensen;m;Jørgensen;Erling;1941;1941;0
Mogens Kølkjær;m;Kølkjær;Mogens;1941;1941;0
Niels Henrik Lauesen;m;Lauesen;Niels Henrik;1941;1941;0
Anne Marie Mejlholm;k;Mejlholm;Anne Marie;1941;1941;0
Dea Trier Mørch;k;Mørch;Dea Trier;1941 - 2001;1941;2001
Peder Musse;m;Musse;Peder;-1941;1941;0
Gunnar Palander;m;Palander;Gunnar;1941;1941;0
Inger Lise Rasmussen;k;Rasmussen;Inger Lise;1941;1941;0
Niels Roloff;m;Roloff;Niels;1941 - 1991;1941;1991
Morten Skovmand;m;Skovmand;Morten;1941;1941;0
Ole Sporring;m;Sporring;Ole;1941;1941;0
Hans Voigt Steffensen;m;Steffensen;Hans;1941;1941;0
Peter Winkel;m;Winkel;Peter;1941;1941;0
Tove Anderberg;k;Anderberg;Tove;1942;1942;0
Beate Andersen;k;Andersen;Beate;1942;1942;0
Knud Erik Andersen;m;Andersen;Knud Erik;1942;1942;0
Thomas Arge;m;Arge;Thomas;1942;1942;0
Hanne Backhaus;k;Backhaus;Hanne;1942;1942;0
Poul Anker Bech;m;Bech;Poul Anker;1942 - 2009;1942;2009
Claes Birch;m;Birch;Claes;1942 - 2003;1942;2003
Bodil Bødtker-Næss;k;Bødtker-Næss;Bodil;1942;1942;0
Anne Marie Brauge;k;Brauge;Anne Marie;1942;1942;0
Grete Brodersen;k;Brodersen;Grete;1942;1942;0
Erik Clausen;m;Clausen;Erik;1942;1942;0
Bodil Damgård;k;Damgård;Bodil;1942;1942;0
Malone Dietrich;k;Dietrich;Malone;1942;1942;0
Karin Gammelgaard;k;Gammelgaard;Karin;1942;1942;0
Jette Gemzøe;k;Gemzøe;Jette;1942;1942;0
Bjørn Hansen;m;Hansen;Bjørn;;1942;2007
Bjørn T. Hansen;m;Hansen;Bjørn T.;1942 - 2007;1942;2007
Henning Hansen;m;Hansen;Henning;1942;1942;0
Roald Steen Hansen;m;Hansen;Roald Steen;1942;1942;0
Claus Havemann;m;Havemann;Claus;1942;1942;0
Dorte Schierup Heide;k;Heide;Dorte Schierup;1942;1942;0
Jørgen Tang Holbek;m;Holbek;Jørgen Tang;1942;1942;0
Bent Holstein;m;Holstein;Bent;1942;1942;0
Anita Jørgensen;k;Jørgensen;Anita;1942;1942;0
Jytte Keller;k;Keller;Jytte;1942;1942;0
Peter Kofod;m;Kofod;Peter;1942;1942;0
Per Kramer;m;Kramer;Per;1942;1942;0
Erik Krogh;m;Krogh;Erik;1942;1942;0
Tom Krøjer;m;Krøjer;Tom;1942;1942;0
Lars Larsen;m;Larsen;Lars;1942;1942;0
Peter Laugesen;m;Laugesen;Peter;1942;1942;0
Erik Liljenberg;m;Liljenberg;Erik;1942;1942;0
Erland Knudssøn Madsen;m;Madsen;Erland Knudssøn;1942;1942;0
Hans Helge Nielsen;m;Nielsen;Hans Helge;1942;1942;0
Palle Nielsen;m;Nielsen;Palle;1942;1942;0
Helle Nyberg;k;Nyberg;Helle;1942;1942;0
Berit Øien Pedersen;k;Pedersen;Berit Øien;1942;1942;0
Jane Reumert;k;Reumert;Jane;1942;1942;0
Jytte Rex;k;Rex;Jytte;1942;1942;0
Dorte Schierup-Heide;k;Schierup-Heide;Dorte;1942;1942;0
William Louis Sørensen;m;Sørensen;William Louis;1942;1942;0
Lis Steincke;k;Steincke;Lis;1942;1942;0
Preben Franck Stelvig;m;Stelvig;Preben Franck;1942;1942;0
Dan Svarth;m;Svarth;Dan;1942;1942;0
Erik Varming;m;Varming;Erik;1942;1942;0
Henrik Vensild;m;Vensild;Henrik;1942;1942;0
Niels Herman Wamberg;m;Wamberg;Niels;1942 - 1995;1942;1995
Lawrence Weiner;m;Weiner;Lawrence;1942;1942;0
Peter Wendelboe Hansen;m;Wendelboe Hansen;Peter;1942;1942;0
Lis Zwick;k;Zwick;Lis;-1942;1942;0
Margrethe Agger;k;Agger;Margrethe;1943;1943;0
Eric Andersen;m;Andersen;Eric;1943;1943;0
Finn Thybo Andersen;m;Andersen;Finn Thybo;1943;1943;0
Hans Munck Andersen;m;Andersen;Hans Munck;1943;1943;0
Karen Bennicke;k;Bennicke;Karen;1943;1943;0
Jens Birkemose;m;Birkemose;Jens;1943;1943;0
Bodil Brems;k;Brems;Bodil;1943;1943;0
Jette Brønnum;k;Brønnum;Jette;1943;1943;0
Michael Buchwald;m;Buchwald;Michael;1943;1943;0
Kirsten Christensen;k;Christensen;Kirsten;1943;1943;0
Ursula Reuter Christiansen;k;Christiansen;Ursula Reuter;1943;1943;0
Agnete Dinesen;k;Dinesen;Agnete;1943;1943;0
Hanne Galschiøt;k;Galschiøt;Hanne;1943;1943;0
Bente Hansen;k;Hansen;Bente;1943;1943;0
Jens Peter Helge Hansen;m;Hansen;Jens Peter Helge;1943;1943;0
Søren Hansen;m;Hansen;Søren;1943;1943;0
Peter Hentze;m;Hentze;Peter;1943;1943;0
Peter Hiort-Lorenzen;m;Hiort-Lorenzen;Peter;1943;1943;0
Niels Huang;m;Huang;Niels;1943;1943;0
Poul Isbak;m;Isbak;Poul;1943;1943;0
Margit Jacobsen;k;Jacobsen;Margit;1943;1943;0
Palle Jacobsen;m;Jacobsen;Palle;1943;1943;0
Bárður Jakupsson;m;Jakupsson;Bárður;1943;1943;0
Bardur Jakupsson;m;Jakupsson;Bardur;1943;1943;0
Claus H. Jensen;m;Jensen;Claus H.;1943;1943;0
Kirsten Justesen;k;Justesen;Kirsten;1943;1943;0
Helle Kaastrup-Olsen;k;Kaastrup-Olsen;Helle;1943;1943;0
Karl J. Kristoffersen;m;Kristoffersen;Karl J.;1943;1943;0
Boje Lundgaard;m;Lundgaard;Boje;1943;1943;0
Leif Madsen;m;Madsen;Leif;1943;1943;0
Carl Magnus;m;Magnus;Carl;1943;1943;0
Bodil Manz;k;Manz;Bodil;1943;1943;0
Marianne May;k;May;Marianne;1943;1943;0
Maiken Monnerup;k;Monnerup;Maiken;1943;1943;0
Jette Lykke Nevers;k;Nevers;Jette;1943;1943;0
Ole Olesen;m;Olesen;Ole;1943;1943;0
Ole Frederik Olsen;m;Olsen;Ole Frederik;1943;1943;0
Erik Rasmussen;m;Rasmussen;Erik;1943;1943;0
Jørgen C. Rasmussen;m;Rasmussen;Jørgen C.;1943;1943;0
Jørgen C. Rasmussen;m;Rasmussen;Jørgen;1943;1943;0
John Ravn;m;Ravn;John;1943;1943;0
Anne-Suzette Sadolin;k;Sadolin;Anne-Suzette;1943;1943;0
Torben Schønherr;m;Schønherr;Torben;1943;1943;0
Peter Severin;m;Severin;Peter;1943;1943;0
Allan Stabell;m;Stabell;Allan;1943;1943;0
Snorre Læssøe Stephensen;m;Stephensen;Snorre Læssøe;-1943;1943;0
Maria Thorsen;k;Thorsen;Maria;1943;1943;0
Kurt Trampedach;m;Trampedach;Kurt;1943 - 2013;1943;2013
Mette Ussing;k;Ussing;Mette;-1943;1943;0
Bror Westman;m;Westman;Bror;1943;1943;0
Clara Andersen;k;Andersen;Clara;1944;1944;0
Henning Andersen;m;Andersen;Henning;1944;1944;0
Merete Barker;k;Barker;Merete;1944;1944;0
Peter Brandes;m;Brandes;Peter;1944;1944;0
Steen Georg Christensen;m;Christensen;Steen Georg;1944;1944;0
Niels Gammelgaard;m;Gammelgaard;Niels;1944;1944;0
Jac Hansen;m;Hansen;Jac;1944;1944;0
Sys Hindsbo;k;Hindsbo;Sys;1944;1944;0
Julie Høm;k;Høm;Julie;1944;1944;0
Julie Hörn;k;Hörn;Julie;1944;1944;0
Carsten Juel-Christiansen;m;Juel-Christiansen;Carsten;1944;1944;0
Bo Kristiansen;m;Kristiansen;Bo;1944 - 1991;1944;1991
Jan Lohmann;m;Lohmann;Jan;-1944;1944;0
Ernst Lohse;m;Lohse;Ernst;1944;1944;0
Niels Nedergaard;m;Nedergaard;Niels;1944;1944;0
Niels Nedergård;m;Nedergård;Niels;1944 - 1987;1944;1987
Lene Helmer Nielsen;k;Nielsen;Lene Helmer;1944;1944;0
Trondur Patursson;m;Patursson;Trondur;1944;1944;0
Lene Adler Petersen;k;Petersen;Lene Adler;1944;1944;0
Monika Poulsen;k;Poulsen;Monika;1944;1944;0
Christian Nuunu Rosing;m;Rosing;Christian Nuunu;1944;1944;0
Steffen Odd Sølberg;m;Sølberg;Steffen Odd;1944;1944;0
Kelvin Sommer;m;Sommer;Kelvin;1944;1944;0
Niels Strøbek;m;Strøbek;Niels;1944;1944;0
Per Suntum;m;Suntum;Per;1944;1944;0
Jette Vohlert;k;Vohlert;Jette;1944;1944;0
Knud Andersen;m;Andersen;Knud;1945;1945;0
Lena Bay;k;Bay;Lena;1945;1945;0
Finn Severin Bolther;m;Bolther;Fin Severin;1945;1945;0
Peter Bonnén;m;Bonnén;Peter;1945;1945;0
Jørgen Borg;m;Borg;Jørgen;1945;1945;0
Charlotte Brüel;k;Brüel;Charlotte;1945;1945;0
Pernille Clausen;k;Clausen;Pernille;1945;1945;0
Lotte Dalgaard;k;Dalgaard;Lotte;1945;1945;0
Kirsten Dehlholm;k;Dehlholm;Kirsten;1945;1945;0
Torben Ebbesen;m;Ebbesen;Torben;1945;1945;0
Nina Ferlov;k;Ferlov;Nina;1945;1945;0
Gun Gordillo;k;Gordillo;Gun;1945;1945;0
Annette Graae;k;Graae;Annette;1945;1945;0
Irene Griegst;k;Griegst;Irene;1945;1945;0
Irene Grubb;k;Grubb;Irene;1945 - 1995;1945;1995
Claes Hake;m;Hake;Claes;1945;1945;0
Jørgen Hansen;m;Hansen;Jørgen;1945;1945;0
Jens Haugen-Johansen;m;Haugen-Johansen;Jens;1945;1945;0
Ulla Hjorth;k;Hjorth;Ulla;1945;1945;0
Steen Høyer;m;Høyer;Steen;1945;1945;0
Hans Jørgen Hvid;m;Hvid;Hans Jørgen;1945;1945;0
Peter L. Iversen;m;Iversen;Peter L.;1945;1945;0
Annette Jersild;k;Jersild;Annette;1945;1945;0
Torben Jørgensen;m;Jørgensen;Torben;1945;1945;0
Leif Kath;m;Kath;Leif;1945;1945;0
Kirsten Klein;k;Klein;Kirsten;1945;1945;0
Anette Kræn;k;Kræn;Anette;1945;1945;0
Birol Kutadgu;m;Kutadgu;Birol;1945;1945;0
Thorbjørn Lausten;m;Lausten;Thorbjørn;1945;1945;0
Puk Lippmann;k;Lippmann;Puk;1945;1945;0
Susanne Mark;k;Mark;Susanne;1945;1945;0
Jan Nielsen;m;Nielsen;Jan;1945;1945;0
Mogens Otto Nielsen;m;Nielsen;Mogens Otto;1945;1945;0
Lis Nogel;k;Nogel;Lis;1945;1945;0
Mogens Nørgaard;m;Nørgaard;Mogens;1945;1945;0
Mogens Nørgård;m;Nørgård;Mogens;1945;1945;0
William Skotte Olsen;m;Olsen;William Skotte;1945;1945;0
Mette Augustinus Poulsen;k;Poulsen;Mette Augustinus;1945;1945;0
Vivian Rose;k;Rose;Vivian;1945;1945;0
Lykke Rosenkrans;k;Rosenkrans;Lykke;1945;1945;0
Naja Salto;k;Salto;Naja;1945;1945;0
Allan Scharff;m;Scharff;Allan;1945;1945;0
Britt Smelvær;k;Smelvær;Britt;1945;1945;0
Palle Søndergaard;m;Søndergaard;Palle;1945;1945;0
Anette Stabell;k;Stabell;Anette;1945;1945;0
Erling Steen;m;Steen;Erling;1945;1945;0
Kenn André Stilling;m;Stilling;Kenn André;-1945;1945;0
Jean Michael Thierry;m;Thierry;Jean Michael;;1945;0
Bjarne v. H. H. Solberg;m;v. H. H. Solberg;Bjarne;1945;1945;0
Inge Lise Westman;k;Westman;Inge Lise;1945;1945;0
Per Baagøe;m;Baagøe;Per;1946;1946;0
Henrik Pryds Beck;m;Beck;Henrik Pryds;1946;1946;0
Merethe Bloch;k;Bloch;Merethe;1946;1946;0
Sten Børsting;m;Børsting;Sten;1946;1946;0
Krass Clement;m;Clement;Krass;1946;1946;0
Ville Clemmensen;k;Clemmensen;Ville;1946;1946;0
Viera Collaro;k;Collaro;Viera;1946;1946;0
Yvonne Runge Erichsen;k;Erichsen;Yvonne Runge;1946;1946;0
Jytte Fabian;k;Fabian;Jytte;1946 - 2011;1946;2011
Lise Frølund;k;Frølund;Lise;1946;1946;0
Anne Birgitte Hansen;k;Hansen;Anne Birgitte;1946;1946;0
Ole Prip Hansen;m;Hansen;Ole Prip;1946;1946;0
Henrik Have;m;Have;Henrik;1946;1946;0
Nanna Herstad;k;Herstad;Nanna;1946;1946;0
Kirsten Holm;k;Holm;Kirsten;1946;1946;0
Alice Kalsø;k;Kalsø;Alice;1946;1946;0
Anders Kirkegaard;m;Kirkegaard;Anders;1946;1946;0
Birthe Kronkvist;k;Kronkvist;Birthe;1946;1946;0
Hans Henrik Lerfeldt;m;Lerfeldt;Hans Henrik;1946 - 1989;1946;1989
Karin Birgitte Lund;k;Lund;Karin Birgitte;1946;1946;0
Tage Lyneborg;m;Lyneborg;Tage;1946;1946;0
Gunnar Møller;m;Møller;Gunnar;1946;1946;0
Carsten Nash;m;Nash;Carsten;1946;1946;0
Gudrun Pagter;k;Pagter;Gudrun;1946;1946;0
Ole Bjørn Petersen;m;Petersen;Ole Bjørn;1946;1946;0
Inge Reusch;k;Reusch;Inge;1946;1946;0
Nils Ryberg;m;Ryberg;Nils;1946;1946;0
Charlotte Schrøder;k;Schrøder;Charlotte;1946;1946;0
Lars Serena;m;Serena;Lars;1946;1946;0
Torben Thim;m;Thim;Torben;1946;1946;0
Jesper Tom-Petersen;m;Tom-Petersen;Jesper;1946;1946;0
Jan Torstenson;m;Torstenson;Jan;1946;1946;0
Lin Utzon;k;Utzon;Lin;1946;1946;0
Uffe Wainø;m;Wainø;Uffe;1946;1946;0
Ivan Weiss;m;Weiss;Ivan;1946;1946;0
Flemming Brantbjerg;m;Brantbjerg;Flemming;1947;1947;0
Ole Broager;m;Broager;Ole;1947;1947;0
Uffe Christoffersen;m;Christoffersen;Uffe;1947;1947;0
Ingvar Cronhammar;m;Cronhammar;Ingvar;1947;1947;0
Mogens Egholm;m;Egholm;Mogens;1947;1947;0
Hanne Funder;k;Funder;Hanne;1947;1947;0
Torill Ruud Galsøe;k;Galsøe;Torill Ruud;1947;1947;0
Jørgen Teik Hansen;m;Hansen;Jørgen Teik;1947;1947;0
Klaus Hillingsøe;m;Hillingsøe;Klaus;1947;1947;0
Aka Høegh;k;Høegh;Aka;1947;1947;0
Søren Holst;m;Holst;Søren;1947;1947;0
Bente Astrup Moe;k;Moe;Bente Astrup;1947;1947;0
Kehnet Nielsen;m;Nielsen;Kehnet;1947;1947;0
Ole Broager Nielsen;m;Nielsen;Ole Broager;1947;1947;0
Bjørn Nørgaard;m;Nørgaard;Bjørn;1947;1947;0
Karen Ozmec;k;Ozmec;Karen;1947;1947;0
Søren Rosberg;m;Rosberg;Søren;1947;1947;0
Torben Skov;m;Skov;Torben;1947;1947;0
Grethe Sørensen;k;Sørensen;Grethe;1947;1947;0
Hanne Stochholm;k;Stochholm;Hanne;1947;1947;0
John Terragni;m;Terragni;John;1947;1947;0
Jørgen Bindesbøll;m;Bindesbøll;Jørgen;1948;1948;0
Claus Bojesen;m;Bojesen;Claus;1948;1948;0
Jørn O. H. Bork;m;Bork;Jørn O. H.;1948;1948;0
Jes Fomsgaard;m;Fomsgaard;Jes;1948;1948;0
Viggo Haaning;m;Haaning;Viggo;1948;1948;0
Nina Hart;k;Hart;Nina;1948;1948;0
Lisbeth Hedeager;k;Hedeager;Lisbeth;1948;1948;0
Niels Holme;m;Holme;Niels;1948;1948;0
Alfred Homan;m;Homan;Alfred;1948;1948;0
Alfred Homann;m;Homann;Alfred;1948;1948;0
Jun-Ichi Inoue;m;Inoue;Jun-Ichi;1948;1948;0
Gitte Kath;k;Kath;Gitte;1948;1948;0
Hanne Bay Lührssen;k;Lührssen;Hanne Bay;1948;1948;0
Ellen Madsen;k;Madsen;Ellen;1948;1948;0
Finn Nielsen;m;Nielsen;Finn;1948;1948;0
Øivind Nygård;m;Nygård;Øivind;1948;1948;0
Håkan Nyström;m;Nyström;Håkan;1948;1948;0
Kirsten Ortwed;k;Ortwed;Kirsten;1948;1948;0
Peder Rasmussen;m;Rasmussen;Peder;1948;1948;0
Lone Arendahl;k;Arendahl;Lone;-1949;1949;0
Lone Arendal;k;Arendal;Lone;1949;1949;0
Birgit Birkkjær;k;Birkkjær;Birgit;1949;1949;0
Lars H. Bloch;m;Bloch;Lars H.;1949;1949;0
Lea Boruszek;k;Boruszek;Lea;1949;1949;0
Mette Møller Bovin;k;Bovin;Mette Møller;1949;1949;0
Malgorzata Maria M. Buras;k;Buras;Malgorzata Maria M.;1949 - 2004;1949;2004
Hans Amos Christensen;m;Christensen;Hans Amos;1949;1949;0
Peter Dohm;m;Dohm;Peter;1949;1949;0
Susse Fischer;k;Fischer;Susse;1949;1949;0
Torben Hardenberg;m;Hardenberg;Torben;1949;1949;0
Marianne Hesselbjerg;k;Hesselbjerg;Marianne;1949;1949;0
Jan Jensen;m;Jensen;Jan;1949;1949;0
Niels Erik Jensen;m;Jensen;Niels Erik;1949;1949;0
Per Bak Jensen;m;Jensen;Per Bak;1949;1949;0
Finn Richardt Jørgensen;m;Jørgensen;Finn Richardt;1949;1949;0
Else Borup Kallesøe;k;Kallesøe;Else Borup;1949;1949;0
Frans Kannik;m;Kannik;Frans;1949;1949;0
Jytte Kløve;k;Kløve;Jytte;1949;1949;0
Hannah West Knudsen;k;Knudsen;Hannah West;1949;1949;0
Per-René Larsen;m;Larsen;Per-René;1949;1949;0
Peter Mandrup;m;Mandrup;Peter;1949;1949;0
Malene Müllertz;k;Müllertz;Malene;1949;1949;0
Kis Nellemann;k;Nellemann;Kis;1949;1949;0
Dick Nyhuus;m;Nyhuus;Dick;-1949;1949;0
Anette Ørom;k;Ørom;Anette;1949;1949;0
Hans Christian Rasmussen;m;Rasmussen;Hans Christian;1949;1949;0
Niels Reumert;m;Reumert;Niels;1949;1949;0
Helene Sandegård;k;Sandegård;Helene;1949;1949;0
Margrete Sørensen;k;Sørensen;Margrete;1949;1949;0
Bjarke Regn Svendsen;m;Svendsen;Bjarke Regn;1949;1949;0
René Tancula;m;Tancula;René;1949;1949;0
Jette Arendal Winther;k;Winther;Jette Arendal;1949;1949;0
Niklas Anderberg;m;Anderberg;Niklas;1950;1950;0
Hanne Behrens;k;Behrens;Hanne;1950;1950;0
Anette Bendixen;k;Bendixen;Anette;1950;1950;0
Jakob Brahe-Pedersen;m;Brahe-Pedersen;Jakob;1950;1950;0
Ellen Brøker;k;Brøker;Ellen;1950;1950;0
Gay Christensen;m;Christensen;Gay;1950;1950;0
Torben Christensen;m;Christensen;Torben;1950;1950;0
Ulla Diedrichsen;k;Diedrichsen;Ulla;1950;1950;0
Lisbeth Græm;k;Græm;Lisbeth;1950;1950;0
Lone Høyer Hansen;k;Hansen;Lone Høyer;1950;1950;0
Karen Ihle;k;Ihle;Karen;1950;1950;0
Vibeke Jerichau;k;Jerichau;Vibeke;1950;1950;0
Helle Kaaris;k;Kaaris;Helle;1950;1950;0
Anna Merz-Johannesen;k;Merz-Johannesen;Anna;1950;1950;0
Hanne Sejrbo Nielsen;k;Nielsen;Hanne Sejrbo;1950;1950;0
Lene Rasmussen;k;Rasmussen;Lene;1950;1950;0
Olaf Sørensen;m;Sørensen;Olaf;1950;1950;0
Mette Stengaard;k;Stengaard;Mette;1950;1950;0
Kurt Tegtmeier;m;Tegtmeier;Kurt;1950;1950;0
Hans Vangsø;m;Vangsø;Hans;1950;1950;0
Troels Wörsel;m;Wörsel;Troels;1950;1950;0
Claus Bjerring;m;Bjerring;Claus;1951;1951;0
Flemming W. Born;m;Born;Flemming W.;1951;1951;0
Anders Brasch;m;Brasch;Anders;1951 - 1981;1951;1981
Jesper Corneliussen;m;Corneliussen;Jesper;1951;1951;0
Inge Merete Dahl;k;Dahl;Inge Merete;1951;1951;0
Sandra Davolio;k;Davolio;Sandra;1951;1951;0
Søren Elgaard;m;Elgaard;Søren;1951;1951;0
Jens Eliasen;m;Eliasen;Jens;1951;1951;0
Jørgen Flemming Gustawa;m;Gustawa;Jørgen Flemming;1951 - 2002;1951;2002
Jenny Hansen;k;Hansen;Jenny;1951;1951;0
Ane Henriksen;k;Henriksen;Ane;1951;1951;0
Lisbeth Høst-Jensen;k;Høst-Jensen;Lisbeth;1951;1951;0
Anne-Birthe Hove;k;Hove;Anne-Birthe;1951;1951;0
Jytte Høy;k;Høy;Jytte;1951;1951;0
Asger Kristensen;m;Kristensen;Asger;1951;1951;0
Poul Lee;m;Lee;Poul;1951;1951;0
Peter Bjørn Olsen;m;Olsen;Peter Bjørn;1951;1951;0
Kurt Rasmussen;m;Rasmussen;Kurt;1951;1951;0
Nina Ratje (Nina Rathje);k;Ratje (Nina Rathje);Nina;1951;1951;0
Vibeke Riisberg;k;Riisberg;Vibeke;1951;1951;0
Jes Schrøder;m;Schrøder;Jes;1951 - 2005;1951;2005
Jan Sivertsen;m;Sivertsen;Jan;1951;1951;0
Jens Balder Sørensen;m;Sørensen;Jens Balder;1951;1951;0
Poul Skov Sørensen;m;Sørensen;Poul Skov;1951;1951;0
Steffen Tast;m;Tast;Steffen;1951;1951;0
Hanne Lise Thomsen;k;Thomsen;Hanne Lise;1951;1951;0
Anne Vilsbøll;k;Vilsbøll;Anne;1951;1951;0
Jeppe Aagaard Andersen;m;Andersen;Jeppe Aagaard;1952;1952;0
Søren Ankarfeldt;m;Ankarfeldt;Søren;1952;1952;0
Klaus Bahnsen;m;Bahnsen;Klaus;1952;1952;0
Jens Bohr;m;Bohr;Jens;1952;1952;0
Jørn Bromann;m;Bromann;Jørn;1952;1952;0
Susanne Christophersen;k;Christophersen;Susanne;1952;1952;0
Bjørli Lundin;m;Lundin;Bjørli;1952;1952;0
Jeppe Eisner;m;Eisner;Jeppe;1952;1952;0
Elmer;m;;Elmer;1952;1952;0
Judith Fischer-Hansen;k;Fischer-Hansen;Judith;1952;1952;0
Anne Fløche;k;Fløche;Anne;1952;1952;0
John Frederiksen;m;Frederiksen;John;1952;1952;0
Finn Have;m;Have;Finn;1952;1952;0
Jane Havshøj;k;Havshøj;Jane;1952;1952;0
Kim Holm;m;Holm;Kim;1952;1952;0
Poul Ingemann;m;Ingemann;Poul;1952;1952;0
Bentemarie Kjeldbæk;k;Kjeldbæk;Bentemarie;1952;1952;0
Hans Oldau Krull;m;Krull;Hans Oldau;1952;1952;0
Eva Dora Lamm;k;Lamm;Eva Dora;1952;1952;0
Bent Elmelund Larsen;m;Larsen;Bent Elmelund;1952;1952;0
Hans Lauritsen;m;Lauritsen;Hans;1952;1952;0
Andrzej Lemiszewski;m;Lemiszewski;Andrzej;1952;1952;0
Pernelle Maegaard;k;Maegaard;Pernelle;1952;1952;0
Janne Mandrup;k;Mandrup;Janne;-1952;1952;0
Al Masson;m;Masson;Al;-1952;1952;0
Karin Mathiasen;k;Mathiasen;Karin;1952;1952;0
Natalie Mégard;k;Mégard;Natalie;1952;1952;0
Karen Højsgård Nielsen;k;Nielsen;Karen Højsgård;1952;1952;0
Lisbeth Nielsen;k;Nielsen;Lisbeth;1952;1952;0
Elsebeth Norrie;k;Norrie;Elsebeth;1952;1952;0
Eva Öhrling;k;Öhrling;Eva;1952;1952;0
Miguel Vega Olivares;m;Olivares;Miguel;1952;1952;0
Mette Marie Ørsted;k;Ørsted;Mette Marie;1952;1952;0
Lise Seier Petersen;k;Petersen;Lise Seier;1952;1952;0
Carsten Schmidt-Olsen;m;Schmidt-Olsen;Carsten;1952;1952;0
Vicky Vera Steptoe;k;Steptoe;Vicky Vera;-1952;1952;0
Pia Tafdrup;k;Tafdrup;Pia;1952;1952;0
Mikael Thejll;m;Thejll;Mikael;1952;1952;0
Anne Tholstrup;k;Tholstrup;Anne;1952;1952;0
Klaus Titze;m;Titze;Klaus;1952;1952;0
Ane-Katrine von Bülow;k;von Bülow;Ane-Katrine;1952;1952;0
Agneta Werner;k;Werner;Agneta;1952;1952;0
Lis Ehrenreich;k;Ehrenreich;Lis;1953;1953;0
Inge Ellegaard;k;Ellegaard;Inge;1953;1953;0
Ida Frederikke Ferdinand;k;Ferdinand;Ida Frederikke;1953;1953;0
Jette Friis;m;Friis;Jette;1953;1953;0
Ulla Hansen;k;Hansen;Ulla;1953;1953;0
Tyge Axel Holm;m;Holm;Tyge Axel;1953;1953;0
Fie Johansen;k;Johansen;Fie;1953;1953;0
Ingunn Jørstad;k;Jørstad;Ingunn;1953;1953;0
Janne Klerk;k;Klerk;Janne;-1953;1953;0
Eva Koch;k;Koch;Eva;1953;1953;0
Merete Larsen;k;Larsen;Merete;1953;1953;0
Lena Ljungar;k;Ljungar;Lena;1953;1953;0
Peter Martensen;m;Martensen;Peter;1953;1953;0
Paul Scott;m;;Paul;1953;1953;0
Steen Møller Rasmussen;m;Rasmussen;Steen Møller;1953;1953;0
Finn Reinbothe;m;Reinbothe;Finn;1953;1953;0
Henrik Saxgren;m;Saxgren;Henrik;1953;1953;0
Wayne Siegel;m;Siegel;Wayne;1953;1953;0
Inge Trautner;k;Trautner;Inge;1953;1953;0
Sonny Tronborg;m;Tronborg;Sonny;1953;1953;0
Per Weiss;m;Weiss;Per;-1953;1953;0
Anette Abrahamsson;k;Abrahamsson;Anette;-1954;1954;0
Doris Bloom;k;Bloom;Doris;1954;1954;0
Erik Bille Christiansen;m;Christiansen;Erik Bille;1954;1954;0
Trine Ellitsgaard;k;Ellitsgaard;Trine;1954;1954;0
Mary-Ann Hansen;k;Hansen;Mary-Ann;1954;1954;0
Hans Heger;m;Heger;Hans;1954;1954;0
Ellis Hinz-Berg;k;Hinz-Berg;Ellis;1954;1954;0
Peter Holck;m;Holck;Peter;1954;1954;0
Martin Bodilsen Kaldahl;m;Kaldahl;Martin Bodilsen;1954;1954;0
Thomas Kiær;m;Kiær;Thomas;1954;1954;0
Pontus Kjerrman;m;Kjerrman;Pontus;-1954;1954;0
Iben Kofod;k;Kofod;Iben;1954;1954;0
Kirsten Langkilde;k;Langkilde;Kirsten;1954;1954;0
Jørgen Carlo Larsen;m;Larsen;Jørgen Carlo;1954;1954;0
Lisbeth Nielsen Lyrstrand;k;Lyrstrand;Lisbeth Nielsen;1954;1954;0
Tchai Munch;k;Munch;Tchai;1954;1954;0
Max Parylewicz;m;Parylewicz;Max;1954;1954;0
Finn Naur Petersen;m;Petersen;Finn Naur;1954;1954;0
Morten Skriver;m;Skriver;Morten;1954;1954;0
Gorm Spaabæk;m;Spaabæk;Gorm;1954;1954;0
Ole Tophøj;m;Tophøj;Ole;1954;1954;0
Helle Baslund;k;Baslund;Helle;1955;1955;0
Sten Bülow Bredsted;m;Bredsted;Sten;1955;1955;0
Hanne Foss Brink;k;Brink;Hanne Foss;1955 - 2002;1955;2002
Ruth Campau;k;Campau;Ruth;1955;1955;0
Peter Carlsen;m;Carlsen;Peter;1955;1955;0
Jesper Christiansen;m;Christiansen;Jesper;1955;1955;0
Dorte Dahlin;k;Dahlin;Dorte;1955;1955;0
Svend Danielsen;m;Danielsen;Svend;1955;1955;0
Berit Førland;k;Førland;Berit;1955;1955;0
Helle Frøsig;k;Frøsig;Helle;1955;1955;0
Helle Frysig;k;Frysig;Helle;1955;1955;0
Per Henriksen;m;Henriksen;Per;1955;1955;0
Lars Holbroe;m;Holbroe;Lars;1955;1955;0
Marianne Jessen;k;Jessen;Marianne;1955;1955;0
Bess Kristoffersen;k;Kristoffersen;Bess;;1955;0
Michael Kvium;m;Kvium;Michael;1955;1955;0
Tove Krebs Lange;K;Lange;Tove;Danish, born 1955;1955;0
Toni Larsen;k;Larsen;Toni;1955;1955;0
Better Lübbert;k;Lübbert;Better;1955;1955;0
Gina Hedegaard Nielsen;k;Nielsen;Gina Hedegaard;1955;1955;0
Finn Nygaard;m;Nygaard;Finn;1955;1955;0
Knud Odde;m;Odde;Knud;1955;1955;0
Martin Richard Olsen;m;Olsen;Martin Richard;1955;1955;0
Andy Pape;m;Pape;Andy;1955;1955;0
Buuti (Bodil) Pedersen;k;Pedersen;Buuti (Bodil);1955;1955;0
Cai Ulrich von Platen;m;Platen;Cai Ulrich;1955;1955;0
Lillian Polack;k;Polack;Lillian;1955;1955;0
Ane Mette Ruge;k;Ruge;Ane Mette;1955;1955;0
Steven Scott;m;Scott;Steven;1955;1955;0
Bodil Sohn;k;Sohn;Bodil;1955;1955;0
Jens Bertelsen;m;Bertelsen;Jens;1956;1956;0
Jette Debois;k;Debois;Jette;1956;1956;0
Claus Egemose;m;Egemose;Claus;1956;1956;0
Mette Gitz-Johansen;k;Gitz-Johansen;Mette;1956;1956;0
Berit Jansson;k;Jansson;Berit;1956;1956;0
Berit Heggenhougen Jensen;k;Jensen;Berit Heggenhougen;1956;1956;0
Maja Lisa Engelhardt Jensen;k;Jensen;Maja Lisa Engelhardt;-1956;1956;0
Poul Jupont;m;Jupont;Poul;1956;1956;0
Lars Nørgård;m;Nørgård;Lars;1956;1956;0
Annette Olesen;k;Olesen;Annette;1956;1956;0
Karen Serena;k;Serena;Karen;1956;1956;0
Christian Skeel;m;Skeel;Christian;1956;1956;0
Bendt Ulrich Sørensen;m;Sørensen;Bendt Ulrich;1956;1956;0
Morten Stræde;m;Stræde;Morten;1956;1956;0
Søren Ulrik Thomsen;m;Thomsen;Søren;1956;1956;0
Elisabeth Toubro;k;Toubro;Elisabeth;1956;1956;0
Helle Vinter;k;Vinter;Helle;1956;1956;0
Nils Vollertsen;m;Vollertsen;Nils;1956;1956;0
Grethe Weber;k;Weber;Grethe;1956;1956;0
Stig Lennart Andersson;m;Andersson;Stig Lennart;1957;1957;0
Kerstin Bergendahl;k;Bergendahl;Kerstin;1957;1957;0
Kerstin Bergendal;k;Bergendal;Kerstin;1957;1957;0
Kim Buck;m;Buck;Kim;1957;1957;0
Claus Carstensen;m;Carstensen;Claus;1957;1957;0
Jesper Fabricius;m;Fabricius;Jesper;1957;1957;0
Erik A. Frandsen;m;Frandsen;Erik A.;1957;1957;0
Lisbet Friis;k;Friis;Lisbet;1957;1957;0
Søren Hagen;m;Hagen;Søren;1957;1957;0
Hans Ditlev Jensen;m;Jensen;Hans Ditlev;1957;1957;0
Søren Jensen;m;Jensen;Søren;1957;1957;0
Krestine Kjærholm;k;Kjærholm;Krestine;1957;1957;0
Ursula Krabbe;k;Krabbe;Ursula;1957;1957;0
Annemette Larsen;k;Larsen;Annemette;1957;1957;0
Ann Linnemann;k;Linnemann;Ann;1957;1957;0
Tumi Magnusson;m;Magnusson;Tumi;1957;1957;0
Lise Malinovsky;k;Malinovsky;Lise;1957;1957;0
Anna-Grethe Markusen;k;Markusen;Anna-Grethe;1957;1957;0
Mikala Naur;k;Naur;Mikala;1957;1957;0
Bodil Nielsen;k;Nielsen;Bodil;1957;1957;0
Kirsten Nissen;k;Nissen;Kirsten;1957;1957;0
Tony Oursler;m;Oursler;Tony;1957;1957;0
Esther Elisabeth Pedersen;k;Pedersen;Esther Elisabeth;1957;1957;0
Tóroddur Poulsen;m;Poulsen;Tóroddur;1957;1957;0
Björn Ross;m;Ross;Björn;1957;1957;0
Nina Sten-Knudsen;k;Sten-Knudsen;Nina;1957;1957;0
Peter Svarrer;m;Svarrer;Peter;1957;1957;0
Barbro Maria Åberg;k;Åberg;Barbro Maria;-1958;1958;0
Henrik Bjørn Andersen;m;Andersen;Henrik Bjørn;1958;1958;0
Jørgen Mikael Andersen;m;Andersen;Jørgen Mikael;1958;1958;0
Tune Andersen;m;Andersen;Tune;1958;1958;0
Miroslaw Balka;m;Balka;Miroslaw;1958;1958;0
Lene Bødker;k;Bødker;Lene;1958;1958;0
Peter Bonde;m;Bonde;Peter;1958;1958;0
Annette Brix;k;Brix;Annette;1958;1958;0
Iben Brøndum;k;Brøndum;Iben;1958;1958;0
Kristian Dahlgård;m;Dahlgård;Kristian;1958;1958;0
Åse Eg Jørgensen;k;Eg Jørgensen;Åse;1958;1958;0
Ulla Enevoldsen;k;Enevoldsen;Ulla;1958;1958;0
Yuki Ferdinandsen;k;Ferdinandsen;Yuki;1958;1958;0
Hjördis Haack;k;Haack;Hjördis;1958;1958;0
Christoffer Harlang;m;Harlang;Christoffer;1958;1958;0
Michael Jensen;m;Jensen;Michael;1958;1958;0
Ole Jensen;m;Jensen;Ole;1958;1958;0
Birgit Johnsen;k;Johnsen;Birgit;-1958;1958;0
Elle Klarskov Jørgensen;k;Jørgensen;Elle Klarskov;1958;1958;0
Henrik Jørgensen;m;Jørgensen;Henrik;1958;1958;0
Knud Kristensen;m;Kristensen;Knud;1958;1958;0
Kristian Dahlgård Larsen;m;Larsen;Kristian Dahlgård;1958;1958;0
Jens Lindhe;m;Lindhe;Jens;1958;1958;0
Inge Lindqvist;k;Lindqvist;Inge;1958;1958;0
Hans Erik Madsen;m;Madsen;Hans;1958;1958;0
Truls Melin;m;Melin;Truls;1958;1958;0
Peter Neuchs;m;Neuchs;Peter;1958;1958;0
Henrik Reeh;m;Reeh;Henrik;1958;1958;0
Thalia Reventlow;k;Reventlow;Thalia;1958;1958;0
Komponist Bent Sørensen;m;Sørensen;Bent;1958;1958;0
Bodil Andersen;k;Andersen;Bodil;1959;1959;0
Thomas Bruun;m;Bruun;Thomas;1959;1959;0
Sharon Fisher;k;Fisher;Sharon;1959;1959;0
Leonard Forslund;m;Forslund;Leonard;1959;1959;0
Kim Grønborg;m;Grønborg;Kim;1959;1959;0
Johanne Heide;k;Heide;Johanne;1959;1959;0
Else Ploug Isaksen;k;Isaksen;Else Ploug;1959;1959;0
Mogens Jacobsen;m;Jacobsen;Mogens;1959;1959;0
Ingibjørg Jonsdottir;k;Jonsdottir;Ingibjørg;1959;1959;0
Marianne Jørgensen;k;Jørgensen;Marianne;1959;1959;0
Martin Nannestad Jørgensen;m;Jørgensen;Martin Nannestad;1959;1959;0
Ingrid Kæseler;k;Kæseler;Ingrid;1959;1959;0
Christian Lemmerz;m;Lemmerz;Christian;1959;1959;0
Jeanette Lopez-Zepeda;k;Lopez-Zepeda;Jeanette;1959;1959;0
Anne Fabricius Møller;k;Møller;Anne Fabricius;-1959;1959;0
Michael Mørk;m;Mørk;Michael;1959;1959;0
Anders Moseholm;m;Moseholm;Anders;1959;1959;0
Hanne Nielsen;k;Nielsen;Hanne;-1959;1959;0
Hamid Nouar;m;Nouar;Hamid;1959;1959;0
Claus Ørntoft;m;Ørntoft;Claus;1959;1959;0
Bjørn Poulsen;m;Poulsen;Bjørn;1959;1959;0
Jesper Rasmussen;m;Rasmussen;Jesper;1959;1959;0
Lars Ravn;m;Ravn;Lars;1959;1959;0
Lisa Rosenmeier;k;Rosenmeier;Lisa;1959;1959;0
Pascale Serre;k;Serre;Pascale;1959;1959;0
Trine Bach;k;Bach;Trine;1960;1960;0
Birthe Brandenborg;k;Brandenborg;Birthe;1960;1960;0
Jakob Brandt-Pedersen;m;Brandt-Pedersen;Jakob;1960;1960;0
Lars Dan;m;Dan;Lars;1960;1960;0
Alba S. Enström;m;Enström;Alba S.;1960;1960;0
Helle Helsinghoff;k;Helsinghoff;Helle;1960;1960;0
Anders Hermansen;m;Hermansen;Anders;1960;1960;0
Peter Holm;m;Holm;Peter;1960;1960;0
Karin Hougaard;k;Hougaard;Karin;1960;1960;0
Frans Jacobi;m;Jacobi;Frans;1960;1960;0
Helle Vibeke Jensen;k;Jensen;Helle;1960;1960;0
Veo Friis Jespersen;k;Jespersen;Veo Friis;1960;1960;0
Philip Jønsson;m;Jønsson;Philip;1960;1960;0
Ulrik Jungersen;m;Jungersen;Ulrik;1960;1960;0
Sophia Kalkau;k;Kalkau;Sophia;1960;1960;0
Nina Maria Kleivan;k;Kleivan;Nina Maria;1960;1960;0
Bettina Kofmann;k;Kofmann;Bettina;1960;1960;0
Axel Lieber;m;Lieber;Axel;1960;1960;0
Vibeke Lindhardt;k;Lindhardt;Vibeke;1960;1960;0
Lise Nellemann;k;Nellemann;Lise;1960;1960;0
Torben Nielsen;m;Nielsen;Torben;1960;1960;0
Stig Persson;m;Persson;Stig;1960;1960;0
Jeanne Philip;k;Philip;Jeanne;1960;1960;0
Thomas Skytte;m;Skytte;Thomas;1960;1960;0
Bjarne Werner Sørensen;m;Sørensen;Bjarne Werner;-1960;1960;0
Anne Tophøj;k;Tophøj;Anne;1960;1960;0
Tora Urup;k;Urup;Tora;1960;1960;0
Janne Wendt;K;Wendt;Janne;Danish, born 1960;1960;0
Eli Benveniste;k;Benveniste;Eli;1961;1961;0
Eli Benveniste;k;Benveniste;Eli;1961;1961;0
Niels Bonde;m;Bonde;Niels;1961;1961;0
Steffen Dam;m;Dam;Steffen;1961;1961;0
Anette Harboe Flensburg;k;Flensburg;Anette Harboe;1961;1961;0
Jørgen Gassilewski;m;Gassilewski;Jørgen;1961;1961;0
Thierry Geoffroy;m;Geoffroy;Thierry;1961;1961;0
Hanne Gottlieb;k;Gottlieb;Hanne;1961;1961;0
Peter Lind;m;Lind;Peter;1961;1961;0
Karen Gabel Madsen;k;Madsen;Karen Gabel;1961;1961;0
Jørgen Michaelsen;m;Michaelsen;Jørgen;1961;1961;0
Hanne Ilsøe Nielsen;k;Nielsen;Hanne Ilsøe;1961;1961;0
Lise Nørholm;k;Nørholm;Lise;1961;1961;0
Erik Øckenholt;m;Øckenholt;Erik;1961;1961;0
Søren Ulrik Petersen;m;Petersen;Søren Ulrik;1961;1961;0
Gunhild Rudjord;k;Rudjord;Gunhild;1961;1961;0
Bente Skjøttgaard;k;Skjøttgaard;Bente;1961;1961;0
Erik Steffensen;m;Steffensen;Erik;1961;1961;0
Ivar Tønsberg;m;Tønsberg;Ivar;1961;1961;0
Søren Hillerup Vaag;m;Vaag;Søren Hillerup;1961;1961;0
Carsten von Würden;m;Würden;Carsten von;1961;1961;0
Lene Wyke;k;Wyke;Lene;1961;1961;0
Vibeke Jepmond Buciek;k;Buciek;Vibeke Jepmond;1962;1962;0
Kirsten Clausager;k;Clausager;Kirsten;1962;1962;0
Bettina Elle;k;Elle;Bettina;1962;1962;0
Helle Løvig Espersen;k;Espersen;Helle Løvig;1962;1962;0
Anja Franke;k;Franke;Anja;1962;1962;0
Mette Kirstine Gamst;k;Gamst;Mette Kirstine;1962;1962;0
Nils Erik Gjerdevik;m;Gjerdevik;Nils Erik;1962;1962;0
Marianne Grønnow;k;Grønnow;Marianne;1962;1962;0
Anne Lindholm Hansen;k;Hansen;Anne Lindholm;1962;1962;0
Kresten Havgaard;m;Havgaard;Kresten;1962;1962;0
Joachim Koester;m;Koester;Joachim;1962;1962;0
Lise Gry Kristiansen;k;Kristiansen;Lise Gry;1962;1962;0
Pipaluk Lake;k;Lake;Pipaluk;1962;1962;0
Malene Landgreen;k;Landgreen;Malene;1962;1962;0
Ann Lislegaard;k;Lislegaard;Ann;1962;1962;0
Ulrik Møller;m;Møller;Ulrik;1962;1962;0
Inge Marie Mørcke;k;Mørcke;Inge Marie;1962;1962;0
Linda Orloff;k;Orloff;Linda;1962;1962;0
Anne-Marie Pedersen;k;Pedersen;Anne-Marie;1962;1962;0
Bettina Fredlund Schori;k;Schori;Bettina Fredlund;1962;1962;0
Bent Hedeby Sørensen;m;Sørensen;Bent;1962;1962;0
Per Traasdahl;m;Traasdahl;Per;1962;1962;0
Lasse Bæhring;m;Bæhring;Lasse;1963;1963;0
Maj-Britt Boa;k;Boa;Maj-Britt;1963;1963;0
Tine Borg;k;Borg;Tine;1963;1963;0
Christian Bruun;m;Bruun;Christian;1963;1963;0
Anne Marie Frank;k;Frank;Anne Marie;1963;1963;0
Ib Monrad Hansen;m;Hansen;Ib Monrad;1963;1963;0
Charlotte Claudia Haslund-Christensen;k;Haslund-Christensen;Charlotte Claudia;1963;1963;0
Låtta Hedin;k;Hedin;Låtta;1963;1963;0
Nanna Gro Henningsen;k;Henningsen;Nanna;1963;1963;0
Kristian Hornsleth;m;Hornsleth;Kristian;1963;1963;0
Charlotte Houman;k;Houman;Charlotte;1963;1963;0
Micha Maria Karlslund;k;Karlslund;Micha Maria;1963;1963;0
Siri Kollandsrud;k;Kollandsrud;Siri;1963;1963;0
Jette Gejl Kristensen;k;Kristensen;Jette;1963;1963;0
Carsten Krogstrup;m;Krogstrup;Carsten;1963;1963;0
Mark Lauberg;m;Lauberg;Mark;1963;1963;0
Rolf Martens;m;Martens;Rolf;1963;1963;0
Kaj Nyborg;m;Nyborg;Kaj;1963;1963;0
Hans Peterson;m;Peterson;Hans;1963;1963;0
Christian Schmidt-Rasmussen;m;Schmidt-Rasmussen;Christian;1963;1963;0
Marianne Schrøder;k;Schrøder;Marianne;1963;1963;0
Bettina Serup;k;Serup;Bettina;1963;1963;0
Kirstine Vaaben;k;Vaaben;Kirstine;1963;1963;0
Ane Vester;k;Vester;Ane;1963;1963;0
Torgny Wilcke;m;Wilcke;Torgny;1963;1963;0
Carl-H.K. Zakrisson;m;Zakrisson;Carl-H.K.;1963;1963;0
Anders Abraham;m;Abraham;Anders;-1964;1964;0
Martin Erik Andersen;m;Andersen;Martin Erik;1964;1964;0
Søren Andreasen;m;Andreasen;Søren;1964;1964;0
Bertel Kehlet Bruun;m;Bruun;Bertel Kehlet;1964;1964;0
Lars Buchardt;m;Buchardt;Lars;1964;1964;0
Ulrik Crone;m;Crone;Ulrik;1964;1964;0
Suzette Gemzøe;K;Gemzøe;Susette;-1964;1964;0
Signe Guttormsen;k;Guttormsen;Signe;1964;1964;0
Jette Hartvig;k;Hartvig;Jette;1964;1964;0
Signe Højmark;k;Højmark;Signe;1964;1964;0
Klaus Thejll Jakobsen;m;Jakobsen;Klaus Thejll;1964;1964;0
Dorte Jelstrup;k;Jelstrup;Dorte;1964;1964;0
Lone Skov Madsen;k;Madsen;Lone Skov;1964;1964;0
Kis Nielsen;k;Nielsen;Kis;1964;1964;0
Tina Maria Nielsen;k;Nielsen;Tina Maria;1964;1964;0
Karina Noyons;k;Noyons;Karina;1964;1964;0
Lars Bent Petersen;m;Petersen;Lars Bent;1964;1964;0
Peter Nansen Scherfig;m;Scherfig;Peter Nansen;1964;1964;0
Ann Schmidt-Christensen;k;Schmidt-Christensen;Ann;1964;1964;0
Thorkild Thøgersen;m;Thøgersen;Thorkild;1964;1964;0
Helene Vonsild;k;Vonsild;Helene;1964;1964;0
Laila Westergaard;k;Westergaard;Laila;1964;1964;0
Josephine Winther;k;Winther;Josephine;1964;1964;0
Grethe Wittrock;k;Wittrock;Grethe;1964;1964;0
Per Ahlmann;m;Ahlmann;Per;1965;1965;0
Lars Kiel Bertelsen;m;Bertelsen;Lars Kiel;1965;1965;0
Katrine Borup;k;Borup;Katrine;1965;1965;0
Henrik Brahe;m;Brahe;Henrik;1965;1965;0
Mikkel Olaf Eskildsen;m;Eskildsen;Mikkel Olaf;1965;1965;0
Morten Løbner Espersen;m;Espersen;Morten Løbner;1965;1965;0
Lars Folke Grenaae;m;Grenaae;Lars Folke;1965;1965;0
Jens Haaning;m;Haaning;Jens;1965;1965;0
Castello Christian Hansen;m;Hansen;Castello Christian;1965;1965;0
Henrik Leach Hansen;m;Hansen;Henrik Leach;1965;1965;0
Aleksej Iskos;m;Iskos;Aleksej;1965;1965;0
Jakob Jakobsen;m;Jakobsen;Jakob;1965;1965;0
Torben Kapper;m;Kapper;Torben;1965;1965;0
Annemette Kissow;k;Kissow;Annemette;1965;1965;0
Sia Mai;k;Mai;Sia;1965;1965;0
Anne C. Manna;k;Manna;Anne C.;1965;1965;0
Olof Olsson;m;Olsson;Olof;1965;1965;0
Turi Heisselberg Pedersen;k;Pedersen;Turi Heisselberg;1965;1965;0
Louise Sass;k;Sass;Louise;1965;1965;0
Rikke Ravn Sørensen;k;Sørensen;Rikke;1965;1965;0
Lisbeth Thingholm;k;Thingholm;Lisbeth;1965;1965;0
Eva Thomsen;k;Thomsen;Eva;1965;1965;0
Morten Tillitz;m;Tillitz;Morten;-1965;1965;0
Gitte Villesen;k;Villesen;Gitte;1965;1965;0
Nicolai Appel;m;Appel;Nicolai;1966;1966;0
Lars Arrhenius;m;Arrhenius;Lars;1966;1966;0
Kenneth A. Balfelt;M;Balfelt;Kenneth A.;1966;1966;0
Thorbjørn Bechmann;m;;Thorbjørn;1966;1966;0
Martin Bigum;m;Bigum;Martin;-1966;1966;0
Jasper Böye;m;Böye;Jasper;1966;1966;0
Jes Brinch;m;Brinch;Jes;-1966;1966;0
Henrik Capetillo;m;Capetillo;Henrik;1966;1966;0
Maj Winther Christensen;k;Christensen;Maj Winther;1966;1966;0
Jesper Dyrehauge;m;Dyrehauge;Jesper;1966;1966;0
Kasia Gasparski;k;Gasparski;Kasia;1966;1966;0
Michael Geertsen;m;Geertsen;Michael;1966;1966;0
Henriette Heise;k;Heise;Henriette;1966;1966;0
Peter Holst Henckel;m;Henckel;Peter Holst;1966;1966;0
Steen Ipsen;m;Ipsen;Steen;1966;1966;0
Hansina Iversen;k;Iversen;Hansina;1966;1966;0
Smike Käszner;m;Käszner;Smike;1966;1966;0
Peter Land;m;Land;Peter;1966;1966;0
John Maeda;m;Maeda;John;1966;1966;0
Søren Martinsen;m;Martinsen;Søren;1966;1966;0
Kathrine Schrøder Moseholm;k;Moseholm;Kathrine Schrøder;1966;1966;0
Pernille Mouritzen;k;Mouritzen;Pernille;1966;1966;0
Nils Norman;m;Norman;Nils;1966;1966;0
Balder Olrik;m;Olrik;Balder;1966;1966;0
Anne Marie Ploug;k;Ploug;Anne Marie;1966;1966;0
Åsa Sonjasdotter;k;Sonjasdotter;Åsa;1966;1966;0
Lisa Strömbeck;k;Strömbeck;Lisa;1966;1966;0
Peter Kofoed Thomsen;m;Thomsen;Peter Kofoed;1966;1966;0
Malene Bach;k;Bach;Malene;1967;1967;0
Nanna Backhaus;k;Backhaus;Nanna;1967;1967;0
Søren Behncke;m;Behncke;Søren;1967;1967;0
Marianne Hvidtfeldt Buus;k;Buus;Marianne Hvidtfeldt;1967;1967;0
Peter Callesen;m;Callesen;Peter;-1967;1967;0
Lene Desmentik;k;Desmentik;Lene;1967;1967;0
Claus Ejner;m;Ejner;Claus;1967;1967;0
Olafur Eliasson;m;Eliasson;Olafur;1967;1967;0
Mads Gamdrup;m;Gamdrup;Mads;1967;1967;0
Fanny Sophie Gjestland;k;Gjestland;Fanny Sophie;1967;1967;0
Tamar Guimarães;k;Guimarães;Tamar;1967;1967;0
Flemming Tvede Hansen;m;Hansen;Flemming Tvede;1967;1967;0
Thorgej Steen Hansen;m;Hansen;Thorgej Steen;1967;1967;0
Signe Jais;k;Jais;Signe;1967;1967;0
Henrik Plenge Jakobsen;m;Jakobsen;Henrik Plenge;1967;1967;0
Gitte Jungersen;k;Jungersen;Gitte;1967;1967;0
John Kørner;m;Kørner;John;1967;1967;0
Nynne Livbjerg;k;Livbjerg;Nynne;1967;1967;0
Henrik Olesen;m;Olesen;Henrik;1967;1967;0
Camilla Prasch;k;Prasch;Camilla;1967;1967;0
Tal R;m;R;Tal;1967;1967;0
Tine Rolfsager;k;Rolfsager;Tine;;1967;0
Vibeke Fonnesberg Schmidt;k;Schmidt;Vibeke Fonnesberg;1967;1967;0
Helle Thorell;k;Thorell;Helle;1967;1967;0
Signe Vad;k;Vad;Signe;1967;1967;0
Charlotte Vejlø;k;Vejlø;Charlotte;1967;1967;0
Mette Vivelsted;k;Vivelsted;Mette;1967;1967;0
Iben West;k;West;Iben;1967;1967;0
Cecilia Westerberg;k;Westerberg;Cecilia;1967;1967;0
Ivan Andersen;m;Andersen;Ivan;1968;1968;0
Victor Ash;m;Ash;Victor;1968;1968;0
Kaspar Kaum Bonnén;m;Bonnén;Kaspar Kaum;1968;1968;0
Jens Brok;m;Brok;Jens;1968;1968;0
Johannes Christoffersen;m;Christoffersen;Johannes;1968;1968;0
Jesper Gram;m;Gram;Jesper;1968;1968;0
Simon Grimm;m;Grimm;Simon;1968;1968;0
Trine Fjord Hansen;k;Hansen;Trine Fjord;1968;1968;0
Ellen Hyllemose;k;Hyllemose;Ellen;1968;1968;0
Bertil Skov Jørgensen;m;Jørgensen;Bertil Skov;1968;1968;0
Tine Louise Kortermand;k;Kortermand;Tine;1968;1968;0
Astrid Krogh;k;Krogh;Astrid;1968;1968;0
Thomas Langhoff;m;Langhoff;Thomas;1968;1968;0
Karin Lorentzen;k;Lorentzen;Karin;-1968;1968;0
Ina Olsen;k;Olsen;Ina;1968;1968;0
Emil Salto;m;Salto;Emil;1968;1968;0
René Schmidt;m;Schmidt;René;1968;1968;0
Anna Sørensen;k;Sørensen;Anna;1968;1968;0
Mette Vangsgaard;k;Vangsgaard;Mette;1968;1968;0
Kathrine Ærtebjerg;k;Ærtebjerg;Kathrine;1969;1969;0
Thor Ruhwald Axilgård;m;Axilgård;Thor Ruhwald;1969;1969;0
Martin Berge;m;Berge;Martin;1969;1969;0
Helle Bjerrum;k;Bjerrum;Helle;1969;1969;0
Eva Steen Christensen;k;Christensen;Eva Steen;1969;1969;0
Lisbeth Eugenie Christensen;k;Christensen;Lisbeth;1969;1969;0
Andrew Dupont;m;Dupont;Andrew;1969;1969;0
Helen Clara Hemsley;k;Hemsley;Helen;1969;1969;0
Sebastian Peter Jørgensen;m;Jørgensen;Sebastian Peter;1969;1969;0
Thomas Kluge;m;Kluge;Thomas;1969;1969;0
Gurli Elbækgaard Kristensen;k;Kristensen;Gurli Elbækgaard;1969;1969;0
Sian Kristoffersen;k;Kristoffersen;Sian;1969;1969;0
Karin Lind;k;Lind;Karin;1969;1969;0
Nikolaj S. von der Recke;m;Recke;Nikolaj S. von der;1969;1969;0
Rosan Bosch;k;;;Danmark,  1969;1969;0
Mette Saabye;k;Saabye;Mette;1969;1969;0
Søren Solkær Starbird;m;Starbird;Søren Solkær;1969;1969;0
Jasper Sebastian Stürup;m;Stürup;Jasper Sebastian;1969;1969;0
Christian Vind;m;Vind;Christian;1969;1969;0
Katrine Wiedemann;k;Wiedemann;Katrine;-1969;1969;0
Jens Andersen;m;Andersen;Jens;1970;1970;0
Gitte Bach;k;Bach;Gitte;1970;1970;0
Margaret Bridgwater;k;Bridgwater;Margaret;1970 - 2005;1970;2005
Morten Buch;m;Buch;Morten;1970;1970;0
Trine Drivsholm;k;Drivsholm;Trine;1970;1970;0
Rikke Hagen;k;Hagen;Rikke;1970;1970;0
Helle Hove;k;Hove;Helle;1970;1970;0
Nicolai Howalt;m;Howalt;Nicolai;1970;1970;0
Thomas Hylander;m;Hylander;Thomas;1970;1970;0
Peter Lindhard;m;Lindhard;Peter;1970;1970;0
Tobias Møhl;m;Møhl;Tobias;1970;1970;0
Julie Nord;k;Nord;Julie;1970;1970;0
Jesper Ranum;m;Ranum;Jesper;1970;1970;0
Lilibeth Cuenca Rasmussen;k;Rasmussen;Lilibeth Cuenca;1970;1970;0
Torbjørn Rødland;m;Rødland;Torbjørn;1970;1970;0
Trine Trier;k;Trier;Trine;1970;1970;0
Lise Blomberg Andersen;k;Andersen;Lise Blomberg;1971;1971;0
Anders Brinch;m;Brinch;Anders;1971;1971;0
Tine Broksø;k;Broksø;Tine;1971;1971;0
Kristian Devantier;m;Devantier;Kristian;1971;1971;0
Benny Dröscher;m;Dröscher;Benny;-1971;1971;0
Pernille Koldbech Fich;k;Fich;Pernille;-1971;1971;0
Claus Domine Hansen;m;Hansen;Claus Domine;1971;1971;0
Julie Edel Hardenberg;k;Hardenberg;Julie;1971;1971;0
Kristofer Hultenberg;m;Hultenberg;Kristofer;1971;1971;0
Lene Vad Jensen;k;Jensen;Lene Vad;1971;1971;0
Ole Tersløse Jensen;m;Jensen;Ole Tersløse;1971;1971;0
Sophus Ejler Jepsen;m;Jepsen;Sophus;1971;1971;0
Jakob Kolding;m;Kolding;Jakob;1971;1971;0
Marie- Louise Kristensen;k;Kristensen;Marie- Louise;1971;1971;0
Nikolaj Skyum Bendix Larsen;m;Larsen;Nikolaj;1971;1971;0
Christina Malbek;k;Malbek;Christina;1971;1971;0
Karen Fly Melander;k;Melander;Karen;1971;1971;0
Karen Nybro Mogensen;k;Mogensen;Karen Nybro;1971;1971;0
Marianne Nielsen;k;Nielsen;Marianne;1971;1971;0
Alikka Garder Petersen;k;Petersen;Alikka;1971;1971;0
FOS;m;Poulsen;Thomas;1971;1971;0
Tina Ratzer;k;Ratzer;Tina;1971;1971;0
Julie Sass;k;Sass;Julie;1971;1971;0
William Hjort;m;Hjort;William;1971;1971;0
Mette Winckelmann;k;Winckelmann;Mette;1971;1971;0
Camilla Berner;k;Berner;Camilla;1972;1972;0
Trine Boesen;k;Boesen;Trine;1972;1972;0
Henriette Bretton-Meyer;k;Bretton-Meyer;Henriette;-1972;1972;0
Ane Christensen;k;Christensen;Ane;-1972;1972;0
Lars Christensen;m;Christensen;Lars;1972;1972;0
Sonja Lillebæk Christensen;k;Christensen;Sonja;1972;1972;0
Annette Dam;k;Dam;Anette;-1972;1972;0
Ane Davidsen;k;Davidsen;Ane;1972;1972;0
Cathrine Raben Davidsen;k;Davidsen;Cathrine;-1972;1972;0
Camilla Holmgren;k;Holmgren;Camilla;1972;1972;0
Maja Ingerslev;m;Ingerslev;Maja;1972;1972;0
Esben Klemann;m;Klemann;Esben;1972;1972;0
Eske Knudstrup;m;Knudstrup;Eske;1972;1972;0
Mia Lerssi;k;Lerssi;Mia;1972;1972;0
Søren Lose;m;Lose;Søren;1972;1972;0
Pernille With Madsen;k;Madsen;Pernille;1972;1972;0
Lasse Krog Møller;m;Møller;Lasse;1972;1972;0
Charlotte Pedersen;k;Pedersen;Charlotte;1972;1972;0
Kirstine Roepstorff;k;Roepstorff;Kirstine;1972;1972;0
Morten Medegaard Schelde;m;Schelde;Morten Medegaard;1972;1972;0
Marika Seidler;k;Seidler;Marika;1972;1972;0
Trine Søndergaard;k;Søndergaard;Trine;1972;1972;0
Tommy Støckel;m;Støckel;Tommy;1972;1972;0
Judit Ström;k;Ström;Judit;1972;1972;0
Astrid Svangren;k;Svangren;Astrid;1972;1972;0
Evren Tekinotay;K;Tekinotay;Evren;-1972;1972;0
Mariko Wada;k;Wada;Mariko;1972;1972;0
Ulrik Weck;m;Weck;Ulrik;-1972;1972;0
Rikke Benborg;k;Benborg;Rikke;1973;1973;0
Anna Bjerger;k;Bjerger;Anna;-1973;1973;0
Dorte Buchwald;k;Buchwald;Dorte;1973;1973;0
Peter Linde Busk;m;Busk;Peter;1973;1973;0
Troels Carlsen;m;Carlsen;Troels;1973;1973;0
Christina Schou Christensen;k;Christensen;Christina;1973;1973;0
Ismar Cirkinagic;m;Cirkinagic;Ismar;1973;1973;0
Søren Dahlgaard;m;Dahlgaard;Søren;1973;1973;0
Sidsel Dorph-Jensen;k;Dorph-Jensen;Sidsel;1973;1973;0
Jeannette Ehlers;k;Ehlers;Jeannette;1973;1973;0
Lise Harlev;k;Harlev;Lise;1973;1973;0
Ulrik Heltoft;m;Heltoft;Ulrik;1973;1973;0
Louise Hindsgavl;m;Hindsgavl;Louise;1973;1973;0
Jacob Brostrup Jensen;m;Jensen;Jacob Brostrup;1973;1973;0
Larissa Sanssour;k;;Larissa;1973;1973;0
Tomas Lagermand Lundme;m;Lundme;Tomas Lagermand;1973;1973;0
Henrik Menné;m;Menné;Henrik;1973;1973;0
Peter Chr. Petersen;m;Petersen;Peter Chr.;1973;1973;0
Rikke Munck Petersen;k;Petersen;Rikke Munck;1973;1973;0
Hartmut Stockter;m;Stockter;Hartmut;1973;1973;0
Pernille Kapper Williams;k;Williams;Pernille Kapper;1973;1973;0
Ebbe Stub Wittrup;m;Wittrup;Ebbe;1973;1973;0
Kristoffer Akselbo;m;Akselbo;Kristoffer;1974;1974;0
Christian Andersen;m;Andersen;Christian;1974;1974;0
Lykke Andersen;k;Andersen;Lykke;1974;1974;0
Vibe Bredahl;k;Bredahl;Vibe;1974;1974;0
Jesper Dalgaard;m;Dalgaard;Jesper;1974;1974;0
Christian Finne;m;Finne;Christian;1974;1974;0
Malene Hartmann;k;Hartmann;Malene;1974;1974;0
Jeppe Hein;m;Hein;Jeppe;-1974;1974;0
Sofie Hesselholdt;k;Hesselholdt;Sofie;1974;1974;0
Honza Hoeck;m;Hoeck;Honza;1974;1974;0
Randi Jørgensen;k;Jørgensen;Randi;1974;1974;0
Jesper Just;m;Just;Jesper;1974;1974;0
Karen Kjældgård-Larsen;k;Kjældgård-Larsen;Karen;1974;1974;0
Karoline H. Larsen;k;Larsen;Karoline H.;1974;1974;0
Rasmus Lütken;m;Lütken;Rasmus;1974;1974;0
Anne Sofie Meldgaard;k;Meldgaard;Anne Sofie;1974;1974;0
Fie Norsker;k;Norsker;Fie;1974;1974;0
Camilla Rasborg;k;Rasborg;Camilla;1974;1974;0
Anders Ruhwald;m;Ruhwald;Anders;1974;1974;0
Adam Saks;m;Saks;Adam;1974;1974;0
Signe Schjøth;k;Schjøth;Signe;1974;1974;0
Morten Søkilde;m;Søkilde;Morten;1974;1974;0
Malene Nors Tardrup;k;Tardrup;Malene;1974;1974;0
Sara Katrine Thiesen;k;Thiesen;Sara;1974;1974;0
Anna Fro Vodder;k;Vodder;Anna;1974;1974;0
Carina Zunino;k;Zunino;Carina;1974;1974;0
Søren Assenholt;m;Assenholt;Søren;1975;1975;0
Nanna Debois Buhl;k;Buhl;Nanna;-1975;1975;0
Mia Helmer;k;Helmer;Mia;1975;1975;0
Jakob Hunosøe;m;Hunosøe;Jakob;1975;1975;0
HuskMitNavn;m;;HuskMitNavn;1975;1975;0
Ulla Hvejsel;k;Hvejsel;Ulla;1975;1975;0
Astrid Kruse Jensen;k;Jensen;Astrid Kruse;1975;1975;0
Jacob Dahl Jürgensen;m;Jürgensen;Jacob Dahl;1975;1975;0
Eske Kath;m;Kath;Eske;1975;1975;0
Jacob Kirkegaard;m;Kirkegaard;Jacob;1975;1975;0
Birgitte Kristensen;k;Kristensen;Birgitte;;1975;0
Rannvá Pålsdóttir Kunoy;k;Kunoy;Rannvá Pålsdóttir;1975;1975;0
Jacob Nielsen;m;Nielsen;Jacob;1975;1975;0
Kristoffer Ørum;m;Ørum;Kristoffer;1975;1975;0
Pind;m;Pind;;-1975;1975;0
Christina Rivett;k;Rivett;Christina;1975;1975;0
Kamilla Ruberg;k;Ruberg;Kamilla;1975;1975;0
Andreas Schulenburg;m;Schulenburg;Andreas;1975;1975;0
Svend-Allan Sørensen;m;Sørensen;Svend-Allan;1975;1975;0
Maria Torp;k;Torp;Maria;1975;1975;0
Bettina Camilla Vestergaard;k;Vestergaard;Bettina;1975;1975;0
Kasper Akhøj;m;Akhøj;Kasper;1976;1976;0
Thomas Bangsted;m;Bangsted;Thomas;1976;1976;0
Jens Axel Beck;m;Beck;Jens;1976;1976;0
Anders Bojen;m;Bojen;Anders;1976;1976;0
Anders Bonnesen;m;Bonnesen;Anders;1976;1976;0
Julie Boserup;k;Boserup;Julie;1976;1976;0
Christian Bretton-Meyer;m;Bretton-Meyer;Christian;1976;1976;0
Rose Eken;k;Eken;Rose;1976;1976;0
Heidi Hove;k;Hove;Heidi;1976;1976;0
Jacob Jessen;m;Jessen;Jacob;-1976;1976;0
Lone Løvschal;k;Løvschal;Lone;1976;1976;0
Marie Lund;k;Lund;Marie;1976;1976;0
Katrine Malinovsky;k;Malinovsky;Katrine;1976;1976;0
Vibeke Mejlvang;k;Mejlvang;Vibeke;1976;1976;0
Asef Mufeed;m;Mufeed;Asef;1976;1976;0
Jacob Aue Sobol;m;Sobol;Jacob Aue;1976;1976;0
Daniel Svarre;m;Svarre;Daniel;1976;1976;0
Alen Aligrudic;m;Aligrudic;Alen;1977;1977;0
Zven Balslev;m;Balslev;Zven;1977;1977;0
Jacob Borges;m;Borges;Jacob;1977;1977;0
Jesper Carlsen;m;Carlsen;Jesper;1977;1977;0
Lea-Mi Engholm;k;Engholm;Lea-Mi;-1977;1977;0
Anne Haaning;k;Haaning;Anne;1977;1977;0
Asmund Havsteen-Mikkelsen;m;Havsteen-Mikkelsen;Asmund;1977;1977;0
Jeanette Hillig;k;Hillig;Jeanette;1977;1977;0
Stine Marie Jacobsen;k;Jacobsen;Stine;1977;1977;0
Mette Juul;k;Juul;Mette;1977;1977;0
Ferdinand Ahm Krag;m;Krag;Ferdinand Ahm;1977;1977;0
Kaspar Oppen Samuelsen;m;Samuelsen;Kaspar;1977;1977;0
Jonas Hvid Søndergaard;m;Søndergaard;Jonas Hvid;1977;1977;0
Lars Worm;m;Worm;Lars;1977;1977;0
Rikke Borg-Lauritsen;k;Borg-Lauritsen;Rikke;1978;1978;0
Pernille Braun;k;Braun;Pernille;1978;1978;0
Peter Rune Christiansen;m;Christiansen;Peter Rune;1978;1978;0
Anders Clausen;m;Clausen;Anders;1978;1978;0
Thilo Frank;m;Frank;Thilo;1978;1978;0
Lasse Schmidt Hansen;m;Hansen;Lasse;1978;1978;0
Emil Westman Hertz;m;Hertz;Emil;1978;1978;0
Ingen Frygt;k;Ingen Frygt;;;1978;0
Adam Jeppesen;m;Jeppesen;Adam;1978;1978;0
Kaori Juzu;k;Juzu;Kaori;1978;1978;0
Heine Kjærgaard Klausen;m;Klausen;Heine Kjærgaard;1978;1978;0
Anne Lass;k;Lass;Anne;1978;1978;0
Mikael Mørkholt;m;Mørkholt;Mikael;-1978;1978;0
Magrethe Odgaard;K;Odgaard;Magrethe;-1978;1978;0
Allan Otte;m;Otte;Allan;1978;1978;0
Rolf Munck Petersen;m;Petersen;Rolf Munck;1978;1978;0
June Pilaiporn Pethrith;k;Pethrith;June Pilaiporn;1978;1978;0
Marie Retpen;k;Retpen;Marie;1978;1978;0
Torben Ribe;m;Ribe;Torben;1978;1978;0
Emil Alsbo;m;Alsbo;Emil;1979;1979;0
Christoffer Munch Andersen;m;Andersen;Christoffer Munch;-1979;1979;0
Augusta Atla;k;Atla;Augusta;1979;1979;0
Eva Louise Buus;k;Buus;Eva Louise;1979;1979;0
Lotte Fløe Christensen;k;Christensen;Lotte;1979;1979;0
Morten Emil Engel;m;Engel;Morten Emil;1979;1979;0
Søren Thilo Funder;m;Funder;Søren;1979;1979;0
Stine Goya;k;Goya;Stine;1979;1979;0
Gudrun Hasle;k;Hasle;Gudrun;1979;1979;0
Marie T. Hermann;k;Hermann;Marie;1979;1979;0
Morten Ernlund Jørgensen;m;Jørgensen;Morten Ernlund;1979;1979;0
Anne Sofie Madsen;k;Madsen;Anne Sofie;1979;1979;0
Troels Sandegård;m;Sandegård;Troels;1979;1979;0
Jane Jin Kaisen;k;Kaisen;Jane;-1980;1980;0
Ida Kvetny;k;Kvetny;Ida;1980;1980;0
Morten Skrøder Lund;m;Lund;Morten;1980;1980;0
Mie Mørkeberg;k;Mørkeberg;Mie;1980;1980;0
Anne Skole Overgaard;k;Overgaard;Anne;1980;1980;0
Valérie Collart;K;Collart;Valérie;-1981;1981;0
Rasmus Bækkel Fex;m;Fex;Rasmus;-1981;1981;0
Silas Inoue;m;Inoue;Silas;1981;1981;0
Marie Kølbæk Iversen;k;Iversen;Marie Kølbæk;1981;1981;0
Marie Søndergaard Lolk;k;Lolk;Marie Søndergaard;1981;1981;0
Lea Porsager;k;Porsager;Lea;1981;1981;0
Tove Storch;k;Storch;Tove;1981;1981;0
Theis Wendt;m;Wendt;Theis;1981;1981;0
Ditte Ejlerskov;k;Ejlerskov;Ditte;1982;1982;0
Simon Lindhardt;m;Lindhardt;Simon;1982;1982;0
Rasmus Høj Mygind;m;Mygind;Rasmus;1982;1982;0
Peter Olsen;m;Olsen;Peter;1982;1982;0
Krista Rosenkilde;k;Rosenkilde;Krista;1982;1982;0
Johan Rosenmunthe;m;Rosenmunthe;Johan;1982;1982;0
Ditte Knus Tønnesen;k;Tønnesen;Ditte;1982;1982;0
Ester Fleckner;K;Fleckner;Ester;-1983;1983;0
Absalon Windeløv Kirkeby;m;Kirkeby;Absalon Windeløv;1983;1983;0
Alexander Tovborg;m;Tovborg;Alexander;1983;1983;0
Malene Kastalje;k;Kastalje;Malene;1984;1984;0
Anders Reventlov Larsen;m;Larsen;Anders;1984;1984;0
Nanna Abell;k;Abell;Nanna;-1985;1985;0
Claus Frederiksen (CLAF);m;Frederiksen;Claus;1985;1985;0
Stense Andrea Lind-Valdan;K;Lind-Valdan;Stense Andrea;-1985;1985;0
Louise Grønlykke;k;Grønlykke;Louise;1990;1990;0
